<xml>
	<Header>
		<DocumentName value="AuditTypeParameterFile" />
		<SavePath value="d:\bestfit\audittypes_kh_right\010_w177_kh_re.xml" />
		<VolumeID value="A81B-CEA1" />
		<DocumentVersion value="2" />
		<Revision value="r7437" />
		<TimeStamp value="2022-09-09 13:35:32" />
		<CheckSum value="B172616B1D5813D41D90AE8121502BD3F94BB46A" />
	</Header>
	<Container name="root">
		<Container name="Audit">
			<Integer name="NoScanners" value="5" />
			<Container name="Scanner1">
				<Integer name="Typ" value="1" />
				<String name="Name" value="Sensor 01" />
				<String name="SensorPath" value="D:\BestFit\BestFitTypes_KH_Right\Sensors_W177\Sensor1.xml" />
			</Container>
			<Container name="Scanner2">
				<Integer name="Typ" value="1" />
				<String name="Name" value="Sensor 02" />
				<String name="SensorPath" value="D:\BestFit\BestFitTypes_KH_Right\Sensors_W177\Sensor2.xml" />
			</Container>
			<Container name="Scanner3">
				<Integer name="Typ" value="1" />
				<String name="Name" value="Sensor 03" />
				<String name="SensorPath" value="D:\BestFit\BestFitTypes_KH_Right\Sensors_W177\Sensor3.xml" />
			</Container>
			<Container name="Scanner4">
				<Integer name="Typ" value="3" />
				<String name="Name" value="26_DistanceSensor 02" />
				<String name="SensorPath" value="D:\BestFit\BestFitTypes_KH_Right\SensorsDistance\DistanceSensor02.xml" />
			</Container>
			<Container name="Scanner5">
				<Integer name="Typ" value="1" />
				<String name="Name" value="Sensor 04" />
				<String name="SensorPath" value="D:\BestFit\BestFitTypes_KH_Right\Sensors_W177\Sensor4.xml" />
			</Container>
			<Integer name="NoSamples" value="10" />
			<Double name="MaxDeviation" value="1" />
			<Integer name="SensorDelay" value="1000" />
			<Bool name="FlagRsiQStop" value="true" />
			<Integer name="GroupIndex" value="1" />
			<Container name="SubType">
				<UInt name="NoAddedSubTypes" value="10" />
				<Integer name="NoSubTypes" value="3" />
				<Container name="SubType1">
					<UInt name="InternalIndex" value="1" />
					<Integer name="Index" value="1" />
					<String name="Name" value="Abgabemessung" />
					<Container name="Recording">
						<Bool name="FlagPathAuto" value="true" />
						<Bool name="FlagSave" value="true" />
						<String name="Path" value="D:\BestFitLog\RawData\" />
						<UInt name="MaxNoDirs" value="1000" />
					</Container>
				</Container>
				<Container name="SubType2">
					<UInt name="InternalIndex" value="2" />
					<Integer name="Index" value="4" />
					<String name="Name" value="Passung_vor_Regelung" />
					<Container name="Recording">
						<Bool name="FlagPathAuto" value="true" />
						<Bool name="FlagSave" value="true" />
						<String name="Path" value="D:\BestFitLog\RawData\" />
						<UInt name="MaxNoDirs" value="100" />
					</Container>
				</Container>
				<Container name="SubType3">
					<UInt name="InternalIndex" value="3" />
					<Integer name="Index" value="5" />
					<String name="Name" value="Passung_nach_Regelung" />
					<Container name="Recording">
						<Bool name="FlagPathAuto" value="true" />
						<Bool name="FlagSave" value="true" />
						<String name="Path" value="D:\BestFitLog\RawData\" />
						<UInt name="MaxNoDirs" value="100" />
					</Container>
				</Container>
			</Container>
		</Container>
		<Container name="Visu">
			<Bool name="WarnTolActive" value="true" />
			<Container name="LayoutConf">
				<String name="ImagePath" value="D:\BestFit\Pictures\BestFitVisu_W177_KH_re.bmp" />
				<Bool name="UseAutoPositionUpdateForMeasPos" value="false" />
				<Bool name="EnableScaling" value="false" />
				<Integer name="ImageWidth" value="1312" />
				<Integer name="ImageHeight" value="877" />
				<Double name="ImageScaling" value="1" />
				<Container name="CoordinateSystem">
					<Integer name="ImageOriginX" value="0" />
					<Integer name="ImageOriginY" value="0" />
					<Integer name="HorizontalAxis" value="0" />
					<Integer name="DirectionHorizontal" value="1" />
					<Integer name="VerticalAxis" value="1" />
					<Integer name="DirectionVertical" value="1" />
					<Integer name="DeepnessAxis" value="2" />
					<Integer name="DirectionDeepness" value="1" />
				</Container>
				<Integer name="NoLayoutElements" value="4" />
				<Container name="LayoutElement1">
					<Bool name="Show" value="true" />
					<String name="DisplayTitle" value="11-71_40R" />
					<String name="DisplayText" value="2LTE-KH vo Z re" />
					<Integer name="DisplayElementType" value="0" />
					<Container name="ValueReferences">
						<Integer name="Count" value="1" />
						<String name="ValueReference1" value="5c86a999-c2c3-4290-afcc-b73e335cb203" />
					</Container>
					<Container name="MeasSymbol">
						<String name="ColorText" value="Red" />
						<Integer name="Size" value="2" />
						<Integer name="Symbol" value="3" />
						<Integer name="DockPosition" value="5" />
						<Double name="PosX" value="0.72" />
						<Double name="PosY" value="0.35" />
						<Double name="Angle" value="177" />
						<Bool name="Visible" value="true" />
					</Container>
					<Container name="DisplayElement">
						<Integer name="Size" value="2" />
						<Integer name="DockPosition" value="5" />
						<Double name="PosX" value="0.732479817916712" />
						<Double name="PosY" value="0.70776989327981" />
						<Bool name="ShowTitle" value="true" />
						<Bool name="ShowText" value="true" />
					</Container>
				</Container>
				<Container name="LayoutElement2">
					<Bool name="Show" value="true" />
					<String name="DisplayTitle" value="1-72_40R" />
					<String name="DisplayText" value="SW-KH hi XZ re" />
					<Integer name="DisplayElementType" value="0" />
					<Container name="ValueReferences">
						<Integer name="Count" value="2" />
						<String name="ValueReference1" value="2f17c74d-d92d-4656-b359-35a036acf209" />
						<String name="ValueReference2" value="91e4b1a3-a4b3-4f6e-bdf0-4cec6d3c7c08" />
					</Container>
					<Container name="MeasSymbol">
						<String name="ColorText" value="Red" />
						<Integer name="Size" value="2" />
						<Integer name="Symbol" value="3" />
						<Integer name="DockPosition" value="5" />
						<Double name="PosX" value="0.491836949860117" />
						<Double name="PosY" value="0.263808268231048" />
						<Double name="Angle" value="0" />
						<Bool name="Visible" value="true" />
					</Container>
					<Container name="DisplayElement">
						<Integer name="Size" value="2" />
						<Integer name="DockPosition" value="5" />
						<Double name="PosX" value="0.49102741918276" />
						<Double name="PosY" value="0.075454063327441" />
						<Bool name="ShowTitle" value="true" />
						<Bool name="ShowText" value="true" />
					</Container>
				</Container>
				<Container name="LayoutElement3">
					<Bool name="Show" value="true" />
					<String name="DisplayTitle" value="1-71_40R" />
					<String name="DisplayText" value="SW-KH vo XZ re" />
					<Integer name="DisplayElementType" value="0" />
					<Container name="ValueReferences">
						<Integer name="Count" value="2" />
						<String name="ValueReference1" value="0c45301f-dccf-4ea6-83cd-196688e446a4" />
						<String name="ValueReference2" value="88b701b6-58cf-4bdc-8bcd-c5e5cef67ac8" />
					</Container>
					<Container name="MeasSymbol">
						<String name="ColorText" value="Red" />
						<Integer name="Size" value="2" />
						<Integer name="Symbol" value="3" />
						<Integer name="DockPosition" value="5" />
						<Double name="PosX" value="0.72116500502153" />
						<Double name="PosY" value="0.351382501338366" />
						<Double name="Angle" value="-180" />
						<Bool name="Visible" value="true" />
					</Container>
					<Container name="DisplayElement">
						<Integer name="Size" value="2" />
						<Integer name="DockPosition" value="5" />
						<Double name="PosX" value="0.724495892457057" />
						<Double name="PosY" value="0.119248695671028" />
						<Bool name="ShowTitle" value="true" />
						<Bool name="ShowText" value="true" />
					</Container>
				</Container>
				<Container name="LayoutElement4">
					<Bool name="Show" value="true" />
					<String name="DisplayTitle" value="6-71_40R" />
					<String name="DisplayText" value="KH vo X re" />
					<Integer name="DisplayElementType" value="0" />
					<Container name="ValueReferences">
						<Integer name="Count" value="1" />
						<String name="ValueReference1" value="91e3c43d-77fd-4bd9-813e-34a595a49853" />
					</Container>
					<Container name="MeasSymbol">
						<String name="ColorText" value="Red" />
						<Integer name="Size" value="2" />
						<Integer name="Symbol" value="3" />
						<Integer name="DockPosition" value="5" />
						<Double name="PosX" value="0.720711974110032" />
						<Double name="PosY" value="0.350551686451965" />
						<Double name="Angle" value="180" />
						<Bool name="Visible" value="true" />
					</Container>
					<Container name="DisplayElement">
						<Integer name="Size" value="2" />
						<Integer name="DockPosition" value="5" />
						<Double name="PosX" value="0.882570503929728" />
						<Double name="PosY" value="0.339463436105176" />
						<Bool name="ShowTitle" value="true" />
						<Bool name="ShowText" value="true" />
					</Container>
				</Container>
			</Container>
			<Container name="ErrPropConf">
				<Integer name="Condition1GlobalMaxQuantity" value="0" />
				<Integer name="Condition2GlobalMaxQuantity" value="0" />
				<String name="StationLabel" value="KH_LI_EP" />
			</Container>
			<Container name="QStopConf">
				<Integer name="Condition1GlobalMaxQuantity" value="0" />
				<Integer name="Condition2GlobalMaxQuantity" value="0" />
				<String name="StationLabel" value="KH_LI_QS" />
			</Container>
			<Container name="IqVisConf">
				<String name="FileNamePrefix" value="IQVIS_250MSR001_KH_re" />
				<String name="System" value="BFK_W177_KH_re" />
				<String name="Type Series" value="177" />
				<String name="Model" value="W" />
				<String name="InspectionPlan" value="BFK_W177_KH_re" />
				<Container name="IqVisElements">
					<Integer name="Count" value="4" />
					<Container name="IqVisElement1">
						<Bool name="Export" value="true" />
						<String name="FeatureName" value="1-71_40R" />
						<Container name="SubItems">
							<Integer name="Count" value="2" />
							<Container name="SubItem1">
								<String name="ComponentLabel" value="X" />
								<String name="AnalysisStrategy" value="PG" />
								<String name="ValueReference" value="0c45301f-dccf-4ea6-83cd-196688e446a4" />
							</Container>
							<Container name="SubItem2">
								<String name="ComponentLabel" value="Z" />
								<String name="AnalysisStrategy" value="PG" />
								<String name="ValueReference" value="88b701b6-58cf-4bdc-8bcd-c5e5cef67ac8" />
							</Container>
						</Container>
					</Container>
					<Container name="IqVisElement2">
						<Bool name="Export" value="true" />
						<String name="FeatureName" value="1-72_40R" />
						<Container name="SubItems">
							<Integer name="Count" value="2" />
							<Container name="SubItem1">
								<String name="ComponentLabel" value="X" />
								<String name="AnalysisStrategy" value="PG" />
								<String name="ValueReference" value="2f17c74d-d92d-4656-b359-35a036acf209" />
							</Container>
							<Container name="SubItem2">
								<String name="ComponentLabel" value="Z" />
								<String name="AnalysisStrategy" value="PG" />
								<String name="ValueReference" value="91e4b1a3-a4b3-4f6e-bdf0-4cec6d3c7c08" />
							</Container>
						</Container>
					</Container>
					<Container name="IqVisElement3">
						<Bool name="Export" value="true" />
						<String name="FeatureName" value="6-71_40R" />
						<Container name="SubItems">
							<Integer name="Count" value="1" />
							<Container name="SubItem1">
								<String name="ComponentLabel" value="X" />
								<String name="AnalysisStrategy" value="PG" />
								<String name="ValueReference" value="91e3c43d-77fd-4bd9-813e-34a595a49853" />
							</Container>
						</Container>
					</Container>
					<Container name="IqVisElement4">
						<Bool name="Export" value="true" />
						<String name="FeatureName" value="11-71_40R" />
						<Container name="SubItems">
							<Integer name="Count" value="1" />
							<Container name="SubItem1">
								<String name="ComponentLabel" value="Z" />
								<String name="AnalysisStrategy" value="PG" />
								<String name="ValueReference" value="5c86a999-c2c3-4290-afcc-b73e335cb203" />
							</Container>
						</Container>
					</Container>
				</Container>
			</Container>
			<Container name="ValueConfig" />
			<Container name="SubTypeContainer">
				<Container name="SubTypeWithInternalIndex1">
					<Bool name="GenerateEProp" value="false" />
					<Bool name="GenerateQStop" value="true" />
					<Container name="PlusConf">
						<Bool name="Enabled" value="true" />
						<String name="StationNumber" value="2380" />
					</Container>
					<Container name="IqVisConf">
						<Bool name="Enabled" value="true" />
						<String name="ProcessStep" value="Audit" />
					</Container>
					<Container name="CSVConf">
						<Bool name="Enabled" value="false" />
						<String name="FileNamePrefix" value="" />
					</Container>
					<Container name="EmilConf">
						<Bool name="Enabled" value="false" />
						<String name="InspectionCategory" value="SILN" />
					</Container>
				</Container>
				<Container name="SubTypeWithInternalIndex2">
					<Bool name="GenerateEProp" value="false" />
					<Bool name="GenerateQStop" value="false" />
					<Container name="PlusConf">
						<Bool name="Enabled" value="false" />
						<String name="StationNumber" value="" />
					</Container>
					<Container name="IqVisConf">
						<Bool name="Enabled" value="true" />
						<String name="ProcessStep" value="Passung_vor_Regelung" />
					</Container>
					<Container name="CSVConf">
						<Bool name="Enabled" value="false" />
						<String name="FileNamePrefix" value="" />
					</Container>
					<Container name="EmilConf">
						<Bool name="Enabled" value="false" />
						<String name="InspectionCategory" value="SILN" />
					</Container>
				</Container>
				<Container name="SubTypeWithInternalIndex3">
					<Bool name="GenerateEProp" value="false" />
					<Bool name="GenerateQStop" value="false" />
					<Container name="PlusConf">
						<Bool name="Enabled" value="false" />
						<String name="StationNumber" value="" />
					</Container>
					<Container name="IqVisConf">
						<Bool name="Enabled" value="true" />
						<String name="ProcessStep" value="Passung_nach_Regelung" />
					</Container>
					<Container name="CSVConf">
						<Bool name="Enabled" value="false" />
						<String name="FileNamePrefix" value="" />
					</Container>
					<Container name="EmilConf">
						<Bool name="Enabled" value="false" />
						<String name="InspectionCategory" value="SILN" />
					</Container>
				</Container>
			</Container>
			<Container name="ValueContainer">
				<Integer name="Count" value="6" />
				<Container name="ValueConfig1">
					<String name="ValueId" value="5c86a999-c2c3-4290-afcc-b73e335cb203" />
					<String name="MeasurementPosition" value="11-71_40R.Z" />
					<String name="ValueLabel" value="2LTE-KH vo Z re" />
					<Container name="ValueEvalConf">
						<Bool name="WarningActive" value="false" />
						<Double name="LowerWarnLimit" value="-0.6" />
						<Double name="UpperWarnLimit" value="0.6" />
						<Double name="LowerLimit" value="-0.6" />
						<Double name="UpperLimit" value="0.6" />
						<Double name="Nominal" value="1.05" />
						<Double name="Offset" value="0.89" />
						<Double name="SigmaMaximum" value="0.075" />
					</Container>
					<Container name="ValueErrPropConf">
						<Bool name="Condition1AddToQuantity" value="false" />
						<Bool name="Condition2AddToQuantity" value="false" />
						<Double name="Condition3OverTolerance" value="0" />
					</Container>
					<Container name="ValueQStopConf">
						<Bool name="Condition1AddToQuantity" value="false" />
						<Bool name="Condition2AddToQuantity" value="false" />
						<Double name="Condition3OverTolerance" value="0" />
						<Double name="Condition4MaxFrequency" value="0.5" />
						<Integer name="Condition4NoMeasurements" value="20" />
						<Integer name="Condition5MaxNoOutOfTolInSequence" value="10" />
					</Container>
					<Container name="ValueItems">
						<Integer name="NoItems" value="2" />
						<Container name="Item1">
							<Integer name="TypeReference" value="-1" />
							<Integer name="SubTypeReference" value="1" />
							<String name="SensorName" value="26_DistanceSensor 02" />
							<Integer name="Signal" value="12" />
							<Double name="Weight" value="-1" />
							<Bool name="CheckProdNumber" value="true" />
						</Container>
						<Container name="Item2">
							<Integer name="TypeReference" value="-1" />
							<Integer name="SubTypeReference" value="1" />
							<String name="SensorName" value="Sensor 03" />
							<Integer name="Signal" value="16" />
							<Double name="Weight" value="1" />
							<Bool name="CheckProdNumber" value="true" />
						</Container>
					</Container>
					<Container name="ValuePlusConf">
						<String name="MeasurementPosition" value="11-71_40R." />
						<Bool name="FlagAddToPLUS" value="true" />
						<String name="PLUSLabel" value="Z" />
					</Container>
					<Container name="ValueCSVConf">
						<Bool name="Export" value="false" />
						<String name="CSVMeasurementPosition" value="11-71_40R.Z" />
						<String name="CSVLabel" value="V" />
					</Container>
				</Container>
				<Container name="ValueConfig2">
					<String name="ValueId" value="0c45301f-dccf-4ea6-83cd-196688e446a4" />
					<String name="MeasurementPosition" value="1-71_40R.X" />
					<String name="ValueLabel" value="SW-KH vo X re" />
					<Container name="ValueEvalConf">
						<Bool name="WarningActive" value="false" />
						<Double name="LowerWarnLimit" value="-0.5" />
						<Double name="UpperWarnLimit" value="0.5" />
						<Double name="LowerLimit" value="-0.5" />
						<Double name="UpperLimit" value="0.5" />
						<Double name="Nominal" value="0.5" />
						<Double name="Offset" value="5.69" />
						<Double name="SigmaMaximum" value="0.075" />
					</Container>
					<Container name="ValueErrPropConf">
						<Bool name="Condition1AddToQuantity" value="false" />
						<Bool name="Condition2AddToQuantity" value="false" />
						<Double name="Condition3OverTolerance" value="0" />
					</Container>
					<Container name="ValueQStopConf">
						<Bool name="Condition1AddToQuantity" value="false" />
						<Bool name="Condition2AddToQuantity" value="false" />
						<Double name="Condition3OverTolerance" value="0" />
						<Double name="Condition4MaxFrequency" value="0.5" />
						<Integer name="Condition4NoMeasurements" value="20" />
						<Integer name="Condition5MaxNoOutOfTolInSequence" value="10" />
					</Container>
					<Container name="ValueItems">
						<Integer name="NoItems" value="3" />
						<Container name="Item1">
							<Integer name="TypeReference" value="-1" />
							<Integer name="SubTypeReference" value="1" />
							<String name="SensorName" value="Sensor 01" />
							<Integer name="Signal" value="15" />
							<Double name="Weight" value="-0.5" />
							<Bool name="CheckProdNumber" value="true" />
						</Container>
						<Container name="Item2">
							<Integer name="TypeReference" value="-1" />
							<Integer name="SubTypeReference" value="1" />
							<String name="SensorName" value="Sensor 01" />
							<Integer name="Signal" value="19" />
							<Double name="Weight" value="-0.5" />
							<Bool name="CheckProdNumber" value="true" />
						</Container>
						<Container name="Item3">
							<Integer name="TypeReference" value="-1" />
							<Integer name="SubTypeReference" value="1" />
							<String name="SensorName" value="Sensor 03" />
							<Integer name="Signal" value="17" />
							<Double name="Weight" value="1" />
							<Bool name="CheckProdNumber" value="true" />
						</Container>
					</Container>
					<Container name="ValuePlusConf">
						<String name="MeasurementPosition" value="1-71_40R." />
						<Bool name="FlagAddToPLUS" value="true" />
						<String name="PLUSLabel" value="X" />
					</Container>
					<Container name="ValueCSVConf">
						<Bool name="Export" value="false" />
						<String name="CSVMeasurementPosition" value="1-71_40R.X" />
						<String name="CSVLabel" value="V" />
					</Container>
				</Container>
				<Container name="ValueConfig3">
					<String name="ValueId" value="88b701b6-58cf-4bdc-8bcd-c5e5cef67ac8" />
					<String name="MeasurementPosition" value="1-71_40R.Z" />
					<String name="ValueLabel" value="SW-KH vo Z re" />
					<Container name="ValueEvalConf">
						<Bool name="WarningActive" value="true" />
						<Double name="LowerWarnLimit" value="-0.6" />
						<Double name="UpperWarnLimit" value="0.6" />
						<Double name="LowerLimit" value="-0.8" />
						<Double name="UpperLimit" value="0.8" />
						<Double name="Nominal" value="1.2" />
						<Double name="Offset" value="-11.56" />
						<Double name="SigmaMaximum" value="0.075" />
					</Container>
					<Container name="ValueErrPropConf">
						<Bool name="Condition1AddToQuantity" value="false" />
						<Bool name="Condition2AddToQuantity" value="false" />
						<Double name="Condition3OverTolerance" value="0" />
					</Container>
					<Container name="ValueQStopConf">
						<Bool name="Condition1AddToQuantity" value="false" />
						<Bool name="Condition2AddToQuantity" value="false" />
						<Double name="Condition3OverTolerance" value="0" />
						<Double name="Condition4MaxFrequency" value="0.5" />
						<Integer name="Condition4NoMeasurements" value="20" />
						<Integer name="Condition5MaxNoOutOfTolInSequence" value="10" />
					</Container>
					<Container name="ValueItems">
						<Integer name="NoItems" value="2" />
						<Container name="Item1">
							<Integer name="TypeReference" value="-1" />
							<Integer name="SubTypeReference" value="1" />
							<String name="SensorName" value="Sensor 01" />
							<Integer name="Signal" value="2" />
							<Double name="Weight" value="0.339" />
							<Bool name="CheckProdNumber" value="true" />
						</Container>
						<Container name="Item2">
							<Integer name="TypeReference" value="-1" />
							<Integer name="SubTypeReference" value="1" />
							<String name="SensorName" value="Sensor 03" />
							<Integer name="Signal" value="16" />
							<Double name="Weight" value="1" />
							<Bool name="CheckProdNumber" value="true" />
						</Container>
					</Container>
					<Container name="ValuePlusConf">
						<String name="MeasurementPosition" value="1-71_40R." />
						<Bool name="FlagAddToPLUS" value="true" />
						<String name="PLUSLabel" value="Z" />
					</Container>
					<Container name="ValueCSVConf">
						<Bool name="Export" value="false" />
						<String name="CSVMeasurementPosition" value="1-71_40R.Z" />
						<String name="CSVLabel" value="V" />
					</Container>
				</Container>
				<Container name="ValueConfig4">
					<String name="ValueId" value="2f17c74d-d92d-4656-b359-35a036acf209" />
					<String name="MeasurementPosition" value="1-72_40R.X" />
					<String name="ValueLabel" value="SW-KH hi X re" />
					<Container name="ValueEvalConf">
						<Bool name="WarningActive" value="false" />
						<Double name="LowerWarnLimit" value="-0.5" />
						<Double name="UpperWarnLimit" value="0.5" />
						<Double name="LowerLimit" value="-0.5" />
						<Double name="UpperLimit" value="0.5" />
						<Double name="Nominal" value="0" />
						<Double name="Offset" value="13.35" />
						<Double name="SigmaMaximum" value="0.075" />
					</Container>
					<Container name="ValueErrPropConf">
						<Bool name="Condition1AddToQuantity" value="false" />
						<Bool name="Condition2AddToQuantity" value="false" />
						<Double name="Condition3OverTolerance" value="0" />
					</Container>
					<Container name="ValueQStopConf">
						<Bool name="Condition1AddToQuantity" value="false" />
						<Bool name="Condition2AddToQuantity" value="false" />
						<Double name="Condition3OverTolerance" value="0" />
						<Double name="Condition4MaxFrequency" value="0.5" />
						<Integer name="Condition4NoMeasurements" value="20" />
						<Integer name="Condition5MaxNoOutOfTolInSequence" value="10" />
					</Container>
					<Container name="ValueItems">
						<Integer name="NoItems" value="3" />
						<Container name="Item1">
							<Integer name="TypeReference" value="-1" />
							<Integer name="SubTypeReference" value="1" />
							<String name="SensorName" value="Sensor 01" />
							<Integer name="Signal" value="15" />
							<Double name="Weight" value="-0.5" />
							<Bool name="CheckProdNumber" value="true" />
						</Container>
						<Container name="Item2">
							<Integer name="TypeReference" value="-1" />
							<Integer name="SubTypeReference" value="1" />
							<String name="SensorName" value="Sensor 01" />
							<Integer name="Signal" value="19" />
							<Double name="Weight" value="-0.5" />
							<Bool name="CheckProdNumber" value="true" />
						</Container>
						<Container name="Item3">
							<Integer name="TypeReference" value="-1" />
							<Integer name="SubTypeReference" value="1" />
							<String name="SensorName" value="Sensor 04" />
							<Integer name="Signal" value="15" />
							<Double name="Weight" value="1" />
							<Bool name="CheckProdNumber" value="true" />
						</Container>
					</Container>
					<Container name="ValuePlusConf">
						<String name="MeasurementPosition" value="1-72_40R." />
						<Bool name="FlagAddToPLUS" value="true" />
						<String name="PLUSLabel" value="X" />
					</Container>
					<Container name="ValueCSVConf">
						<Bool name="Export" value="false" />
						<String name="CSVMeasurementPosition" value="1-72_40R.X" />
						<String name="CSVLabel" value="V" />
					</Container>
				</Container>
				<Container name="ValueConfig5">
					<String name="ValueId" value="91e4b1a3-a4b3-4f6e-bdf0-4cec6d3c7c08" />
					<String name="MeasurementPosition" value="1-72_40R.Z" />
					<String name="ValueLabel" value="SW-KH hi Z re" />
					<Container name="ValueEvalConf">
						<Bool name="WarningActive" value="false" />
						<Double name="LowerWarnLimit" value="-0.5" />
						<Double name="UpperWarnLimit" value="0.5" />
						<Double name="LowerLimit" value="-0.5" />
						<Double name="UpperLimit" value="0.5" />
						<Double name="Nominal" value="-1" />
						<Double name="Offset" value="-3.42" />
						<Double name="SigmaMaximum" value="0.075" />
					</Container>
					<Container name="ValueErrPropConf">
						<Bool name="Condition1AddToQuantity" value="false" />
						<Bool name="Condition2AddToQuantity" value="false" />
						<Double name="Condition3OverTolerance" value="0" />
					</Container>
					<Container name="ValueQStopConf">
						<Bool name="Condition1AddToQuantity" value="false" />
						<Bool name="Condition2AddToQuantity" value="false" />
						<Double name="Condition3OverTolerance" value="0" />
						<Double name="Condition4MaxFrequency" value="0.5" />
						<Integer name="Condition4NoMeasurements" value="20" />
						<Integer name="Condition5MaxNoOutOfTolInSequence" value="10" />
					</Container>
					<Container name="ValueItems">
						<Integer name="NoItems" value="2" />
						<Container name="Item1">
							<Integer name="TypeReference" value="-1" />
							<Integer name="SubTypeReference" value="1" />
							<String name="SensorName" value="Sensor 01" />
							<Integer name="Signal" value="2" />
							<Double name="Weight" value="0.339" />
							<Bool name="CheckProdNumber" value="true" />
						</Container>
						<Container name="Item2">
							<Integer name="TypeReference" value="-1" />
							<Integer name="SubTypeReference" value="1" />
							<String name="SensorName" value="Sensor 04" />
							<Integer name="Signal" value="16" />
							<Double name="Weight" value="1" />
							<Bool name="CheckProdNumber" value="true" />
						</Container>
					</Container>
					<Container name="ValuePlusConf">
						<String name="MeasurementPosition" value="1-72_40R." />
						<Bool name="FlagAddToPLUS" value="true" />
						<String name="PLUSLabel" value="Z" />
					</Container>
					<Container name="ValueCSVConf">
						<Bool name="Export" value="false" />
						<String name="CSVMeasurementPosition" value="1-72_40R.Z" />
						<String name="CSVLabel" value="V" />
					</Container>
				</Container>
				<Container name="ValueConfig6">
					<String name="ValueId" value="91e3c43d-77fd-4bd9-813e-34a595a49853" />
					<String name="MeasurementPosition" value="6-71_40R.X" />
					<String name="ValueLabel" value="FA-KH vo X re" />
					<Container name="ValueEvalConf">
						<Bool name="WarningActive" value="false" />
						<Double name="LowerWarnLimit" value="-1.5" />
						<Double name="UpperWarnLimit" value="1.5" />
						<Double name="LowerLimit" value="-1.5" />
						<Double name="UpperLimit" value="1.5" />
						<Double name="Nominal" value="0" />
						<Double name="Offset" value="1.88" />
						<Double name="SigmaMaximum" value="0.075" />
					</Container>
					<Container name="ValueErrPropConf">
						<Bool name="Condition1AddToQuantity" value="false" />
						<Bool name="Condition2AddToQuantity" value="false" />
						<Double name="Condition3OverTolerance" value="0" />
					</Container>
					<Container name="ValueQStopConf">
						<Bool name="Condition1AddToQuantity" value="false" />
						<Bool name="Condition2AddToQuantity" value="false" />
						<Double name="Condition3OverTolerance" value="0" />
						<Double name="Condition4MaxFrequency" value="0" />
						<Integer name="Condition4NoMeasurements" value="0" />
						<Integer name="Condition5MaxNoOutOfTolInSequence" value="0" />
					</Container>
					<Container name="ValueItems">
						<Integer name="NoItems" value="2" />
						<Container name="Item1">
							<Integer name="TypeReference" value="-1" />
							<Integer name="SubTypeReference" value="1" />
							<String name="SensorName" value="Sensor 02" />
							<Integer name="Signal" value="15" />
							<Double name="Weight" value="-1" />
							<Bool name="CheckProdNumber" value="true" />
						</Container>
						<Container name="Item2">
							<Integer name="TypeReference" value="-1" />
							<Integer name="SubTypeReference" value="1" />
							<String name="SensorName" value="Sensor 03" />
							<Integer name="Signal" value="17" />
							<Double name="Weight" value="1" />
							<Bool name="CheckProdNumber" value="true" />
						</Container>
					</Container>
					<Container name="ValuePlusConf">
						<String name="MeasurementPosition" value="6-71_40R." />
						<Bool name="FlagAddToPLUS" value="true" />
						<String name="PLUSLabel" value="X" />
					</Container>
					<Container name="ValueCSVConf">
						<Bool name="Export" value="false" />
						<String name="CSVMeasurementPosition" value="6-71_40R.X" />
						<String name="CSVLabel" value="V" />
					</Container>
				</Container>
			</Container>
			<Container name="EmilConf">
				<String name="FileNamePrefix" value="" />
				<String name="InspectionTask" value="" />
				<String name="InspectionPlan" value="" />
				<String name="ProductionDevice" value="" />
				<Integer name="ProductionState" value="0" />
				<Container name="InspectionElement">
					<Integer name="Count" value="0" />
				</Container>
			</Container>
		</Container>
		<Container name="MeasurementValueGroups">
			<Integer name="ValueGroupCount" value="1" />
			<Container name="ValueGroup1">
				<String name="Name" value="MFU4" />
				<String name="Comment" value="ohne KH" />
				<Container name="Values">
					<Integer name="ValueCount" value="4" />
					<String name="MeasurementValue1" value="2LTE Z re [11_40R.Z];ComposedValue;Value" />
					<String name="MeasurementValue2" value="FA X re [6_40R.X];ComposedValue;Value" />
					<String name="MeasurementValue3" value="SW X re [1_40R.X];ComposedValue;Value" />
					<String name="MeasurementValue4" value="SW Z re [1_40R.Z];ComposedValue;Value" />
				</Container>
			</Container>
		</Container>
	</Container>
</xml>