<xml>
	<Header>
		<DocumentName value="AuditTypeParameterFile" />
		<SavePath value="d:\bestfit\audittypes_left\100_c118_fa_li.xml" />
		<VolumeID value="A81B-CEA1" />
		<DocumentVersion value="2" />
		<Revision value="r7437" />
		<TimeStamp value="2022-09-13 17:22:40" />
		<CheckSum value="B92B33EA2445C20AEE827C0DDE65133B49D0F466" />
	</Header>
	<Container name="root">
		<Container name="Audit">
			<Integer name="NoScanners" value="11" />
			<Container name="Scanner1">
				<Integer name="Typ" value="3" />
				<String name="Name" value="DistanceSensor 01" />
				<String name="SensorPath" value="D:\BestFit\BestFitTypes_Left\DistanceSensor\DistanceSensor01.xml" />
			</Container>
			<Container name="Scanner2">
				<Integer name="Typ" value="3" />
				<String name="Name" value="DistanceSensor 02" />
				<String name="SensorPath" value="D:\BestFit\BestFitTypes_Left\DistanceSensor\DistanceSensor02.xml" />
			</Container>
			<Container name="Scanner3">
				<Integer name="Typ" value="3" />
				<String name="Name" value="DistanceSensor 03" />
				<String name="SensorPath" value="D:\BestFit\BestFitTypes_Left\DistanceSensor\DistanceSensor03.xml" />
			</Container>
			<Container name="Scanner4">
				<Integer name="Typ" value="3" />
				<String name="Name" value="DistanceSensor 04" />
				<String name="SensorPath" value="D:\BestFit\BestFitTypes_Left\DistanceSensor\DistanceSensor04.xml" />
			</Container>
			<Container name="Scanner5">
				<Integer name="Typ" value="1" />
				<String name="Name" value="Sensor 01" />
				<String name="SensorPath" value="D:\BestFit\AuditTypes_Left\Sensors_C118\Sensor01.xml" />
			</Container>
			<Container name="Scanner6">
				<Integer name="Typ" value="1" />
				<String name="Name" value="Sensor 02" />
				<String name="SensorPath" value="D:\BestFit\AuditTypes_Left\Sensors_C118\Sensor02.xml" />
			</Container>
			<Container name="Scanner7">
				<Integer name="Typ" value="1" />
				<String name="Name" value="Sensor 06" />
				<String name="SensorPath" value="D:\BestFit\AuditTypes_Left\Sensors_C118\Sensor06.xml" />
			</Container>
			<Container name="Scanner8">
				<Integer name="Typ" value="1" />
				<String name="Name" value="Sensor 08" />
				<String name="SensorPath" value="D:\BestFit\AuditTypes_Left\Sensors_C118\Sensor08.xml" />
			</Container>
			<Container name="Scanner9">
				<Integer name="Typ" value="1" />
				<String name="Name" value="Sensor 09" />
				<String name="SensorPath" value="D:\BestFit\AuditTypes_Left\Sensors_C118\Sensor09.xml" />
			</Container>
			<Container name="Scanner10">
				<Integer name="Typ" value="1" />
				<String name="Name" value="Sensor 10" />
				<String name="SensorPath" value="D:\BestFit\AuditTypes_Left\Sensors_C118\Sensor10.xml" />
			</Container>
			<Container name="Scanner11">
				<Integer name="Typ" value="3" />
				<String name="Name" value="DistanceSensor 05" />
				<String name="SensorPath" value="D:\BestFit\BestFitTypes_Left\DistanceSensor\DistanceSensor05.xml" />
			</Container>
			<Integer name="NoSamples" value="10" />
			<Double name="MaxDeviation" value="1" />
			<Integer name="SensorDelay" value="1000" />
			<Bool name="FlagRsiQStop" value="true" />
			<Integer name="GroupIndex" value="6" />
			<Container name="SubType">
				<UInt name="NoAddedSubTypes" value="10" />
				<Integer name="NoSubTypes" value="10" />
				<Container name="SubType1">
					<UInt name="InternalIndex" value="1" />
					<Integer name="Index" value="1" />
					<String name="Name" value="Abgabemessung" />
					<Container name="Recording">
						<Bool name="FlagPathAuto" value="true" />
						<Bool name="FlagSave" value="true" />
						<String name="Path" value="D:\BestFitLog\RawData\" />
						<UInt name="MaxNoDirs" value="1000" />
					</Container>
				</Container>
				<Container name="SubType2">
					<UInt name="InternalIndex" value="2" />
					<Integer name="Index" value="4" />
					<String name="Name" value="Passung_vor_Regelung" />
					<Container name="Recording">
						<Bool name="FlagPathAuto" value="true" />
						<Bool name="FlagSave" value="true" />
						<String name="Path" value="D:\BestFitLog\RawData\" />
						<UInt name="MaxNoDirs" value="100" />
					</Container>
				</Container>
				<Container name="SubType3">
					<UInt name="InternalIndex" value="3" />
					<Integer name="Index" value="5" />
					<String name="Name" value="Passung_nach_Regelung" />
					<Container name="Recording">
						<Bool name="FlagPathAuto" value="true" />
						<Bool name="FlagSave" value="true" />
						<String name="Path" value="D:\BestFitLog\RawData\" />
						<UInt name="MaxNoDirs" value="100" />
					</Container>
				</Container>
				<Container name="SubType4">
					<UInt name="InternalIndex" value="4" />
					<Integer name="Index" value="6" />
					<String name="Name" value="Fuegeposition" />
					<Container name="Recording">
						<Bool name="FlagPathAuto" value="true" />
						<Bool name="FlagSave" value="true" />
						<String name="Path" value="D:\BestFitLog\RawData\" />
						<UInt name="MaxNoDirs" value="100" />
					</Container>
				</Container>
				<Container name="SubType5">
					<UInt name="InternalIndex" value="5" />
					<Integer name="Index" value="7" />
					<String name="Name" value="vor_Verschraubung" />
					<Container name="Recording">
						<Bool name="FlagPathAuto" value="true" />
						<Bool name="FlagSave" value="true" />
						<String name="Path" value="D:\BestFitLog\RawData\" />
						<UInt name="MaxNoDirs" value="100" />
					</Container>
				</Container>
				<Container name="SubType6">
					<UInt name="InternalIndex" value="6" />
					<Integer name="Index" value="8" />
					<String name="Name" value="nach_Verschraubung" />
					<Container name="Recording">
						<Bool name="FlagPathAuto" value="true" />
						<Bool name="FlagSave" value="true" />
						<String name="Path" value="D:\BestFitLog\RawData\" />
						<UInt name="MaxNoDirs" value="100" />
					</Container>
				</Container>
				<Container name="SubType7">
					<UInt name="InternalIndex" value="7" />
					<Integer name="Index" value="501" />
					<String name="Name" value="MFU1" />
					<Container name="Recording">
						<Bool name="FlagPathAuto" value="true" />
						<Bool name="FlagSave" value="true" />
						<String name="Path" value="D:\BestFitLog\RawData\" />
						<UInt name="MaxNoDirs" value="700" />
					</Container>
				</Container>
				<Container name="SubType8">
					<UInt name="InternalIndex" value="8" />
					<Integer name="Index" value="502" />
					<String name="Name" value="MFU2" />
					<Container name="Recording">
						<Bool name="FlagPathAuto" value="true" />
						<Bool name="FlagSave" value="true" />
						<String name="Path" value="D:\BestFitLog\RawData\" />
						<UInt name="MaxNoDirs" value="700" />
					</Container>
				</Container>
				<Container name="SubType9">
					<UInt name="InternalIndex" value="9" />
					<Integer name="Index" value="503" />
					<String name="Name" value="MFU3" />
					<Container name="Recording">
						<Bool name="FlagPathAuto" value="true" />
						<Bool name="FlagSave" value="true" />
						<String name="Path" value="D:\BestFitLog\RawData\" />
						<UInt name="MaxNoDirs" value="700" />
					</Container>
				</Container>
				<Container name="SubType10">
					<UInt name="InternalIndex" value="10" />
					<Integer name="Index" value="504" />
					<String name="Name" value="MFU4" />
					<Container name="Recording">
						<Bool name="FlagPathAuto" value="true" />
						<Bool name="FlagSave" value="true" />
						<String name="Path" value="D:\BestFitLog\RawData\" />
						<UInt name="MaxNoDirs" value="700" />
					</Container>
				</Container>
			</Container>
		</Container>
		<Container name="Visu">
			<Bool name="WarnTolActive" value="true" />
			<Container name="LayoutConf">
				<String name="ImagePath" value="D:\BestFit\Pictures\BestFitVisu_IQ-Vis_C118_FA_li.bmp" />
				<Bool name="UseAutoPositionUpdateForMeasPos" value="false" />
				<Bool name="EnableScaling" value="false" />
				<Integer name="ImageWidth" value="1312" />
				<Integer name="ImageHeight" value="877" />
				<Double name="ImageScaling" value="1" />
				<Container name="CoordinateSystem">
					<Integer name="ImageOriginX" value="0" />
					<Integer name="ImageOriginY" value="0" />
					<Integer name="HorizontalAxis" value="0" />
					<Integer name="DirectionHorizontal" value="1" />
					<Integer name="VerticalAxis" value="1" />
					<Integer name="DirectionVertical" value="1" />
					<Integer name="DeepnessAxis" value="2" />
					<Integer name="DirectionDeepness" value="1" />
				</Container>
				<Integer name="NoLayoutElements" value="9" />
				<Container name="LayoutElement1">
					<Bool name="Show" value="true" />
					<String name="DisplayTitle" value="1-6_40L" />
					<String name="DisplayText" value="SW-FA un Y li" />
					<Integer name="DisplayElementType" value="0" />
					<Container name="ValueReferences">
						<Integer name="Count" value="1" />
						<String name="ValueReference1" value="d1306266-2f77-436f-8176-defd2992966c" />
					</Container>
					<Container name="MeasSymbol">
						<String name="ColorText" value="Red" />
						<Integer name="Size" value="2" />
						<Integer name="Symbol" value="2" />
						<Integer name="DockPosition" value="5" />
						<Double name="PosX" value="0.217715615750627" />
						<Double name="PosY" value="0.780230408713639" />
						<Double name="Angle" value="90" />
						<Bool name="Visible" value="true" />
					</Container>
					<Container name="DisplayElement">
						<Integer name="Size" value="2" />
						<Integer name="DockPosition" value="5" />
						<Double name="PosX" value="0.32888305046645" />
						<Double name="PosY" value="0.780575236299846" />
						<Bool name="ShowTitle" value="true" />
						<Bool name="ShowText" value="true" />
					</Container>
				</Container>
				<Container name="LayoutElement2">
					<Bool name="Show" value="true" />
					<String name="DisplayTitle" value="1-6_41L" />
					<String name="DisplayText" value="SW-FA ob Y li" />
					<Integer name="DisplayElementType" value="0" />
					<Container name="ValueReferences">
						<Integer name="Count" value="1" />
						<String name="ValueReference1" value="98f425c3-77ef-44ca-9686-3b3a13c32f49" />
					</Container>
					<Container name="MeasSymbol">
						<String name="ColorText" value="Red" />
						<Integer name="Size" value="2" />
						<Integer name="Symbol" value="2" />
						<Integer name="DockPosition" value="5" />
						<Double name="PosX" value="0.210074650631299" />
						<Double name="PosY" value="0.475370617652449" />
						<Double name="Angle" value="90" />
						<Bool name="Visible" value="true" />
					</Container>
					<Container name="DisplayElement">
						<Integer name="Size" value="2" />
						<Integer name="DockPosition" value="5" />
						<Double name="PosX" value="0.31591622644337" />
						<Double name="PosY" value="0.475945330296127" />
						<Bool name="ShowTitle" value="true" />
						<Bool name="ShowText" value="true" />
					</Container>
				</Container>
				<Container name="LayoutElement3">
					<Bool name="Show" value="true" />
					<String name="DisplayTitle" value="1-6_42L" />
					<String name="DisplayText" value="SW-FA vo Z li" />
					<Integer name="DisplayElementType" value="0" />
					<Container name="ValueReferences">
						<Integer name="Count" value="1" />
						<String name="ValueReference1" value="8cb94547-cf3c-4b43-8521-18cbfd56a4f0" />
					</Container>
					<Container name="MeasSymbol">
						<String name="ColorText" value="Red" />
						<Integer name="Size" value="2" />
						<Integer name="Symbol" value="3" />
						<Integer name="DockPosition" value="5" />
						<Double name="PosX" value="0.256826833014874" />
						<Double name="PosY" value="0.389947896211347" />
						<Double name="Angle" value="0" />
						<Bool name="Visible" value="true" />
					</Container>
					<Container name="DisplayElement">
						<Integer name="Size" value="2" />
						<Integer name="DockPosition" value="5" />
						<Double name="PosX" value="0.254767337304709" />
						<Double name="PosY" value="0.231285314062786" />
						<Bool name="ShowTitle" value="true" />
						<Bool name="ShowText" value="true" />
					</Container>
				</Container>
				<Container name="LayoutElement4">
					<Bool name="Show" value="true" />
					<String name="DisplayTitle" value="5-6_6L" />
					<String name="DisplayText" value="FA HST li" />
					<Integer name="DisplayElementType" value="0" />
					<Container name="ValueReferences">
						<Integer name="Count" value="1" />
						<String name="ValueReference1" value="0f66d3cb-4719-41b3-9e39-949a845e896a" />
					</Container>
					<Container name="MeasSymbol">
						<String name="ColorText" value="Red" />
						<Integer name="Size" value="2" />
						<Integer name="Symbol" value="0" />
						<Integer name="DockPosition" value="5" />
						<Double name="PosX" value="0.74500337192312" />
						<Double name="PosY" value="0.344639593642815" />
						<Double name="Angle" value="0" />
						<Bool name="Visible" value="true" />
					</Container>
					<Container name="DisplayElement">
						<Integer name="Size" value="2" />
						<Integer name="DockPosition" value="5" />
						<Double name="PosX" value="0.743018526844256" />
						<Double name="PosY" value="0.185435027361034" />
						<Bool name="ShowTitle" value="true" />
						<Bool name="ShowText" value="true" />
					</Container>
				</Container>
				<Container name="LayoutElement5">
					<Bool name="Show" value="true" />
					<String name="DisplayTitle" value="5-6_4L" />
					<String name="DisplayText" value="FD-FA ob li (NST)" />
					<Integer name="DisplayElementType" value="0" />
					<Container name="ValueReferences">
						<Integer name="Count" value="2" />
						<String name="ValueReference1" value="c6970d9c-74c6-4a5b-80ef-7f007b550cb6" />
						<String name="ValueReference2" value="f1b4cc62-ada6-4700-8e5f-cdbed328cad8" />
					</Container>
					<Container name="MeasSymbol">
						<String name="ColorText" value="-256" />
						<Integer name="Size" value="2" />
						<Integer name="Symbol" value="0" />
						<Integer name="DockPosition" value="5" />
						<Double name="PosX" value="0.722761417706342" />
						<Double name="PosY" value="0.438599613302957" />
						<Double name="Angle" value="100" />
						<Bool name="Visible" value="true" />
					</Container>
					<Container name="DisplayElement">
						<Integer name="Size" value="2" />
						<Integer name="DockPosition" value="5" />
						<Double name="PosX" value="0.88715316024128" />
						<Double name="PosY" value="0.469111617312073" />
						<Bool name="ShowTitle" value="true" />
						<Bool name="ShowText" value="true" />
					</Container>
				</Container>
				<Container name="LayoutElement6">
					<Bool name="Show" value="true" />
					<String name="DisplayTitle" value="5-6_2L" />
					<String name="DisplayText" value="FD-FA un li" />
					<Integer name="DisplayElementType" value="0" />
					<Container name="ValueReferences">
						<Integer name="Count" value="2" />
						<String name="ValueReference1" value="5a7d2923-dbf4-484f-a1ae-73b849d1decc" />
						<String name="ValueReference2" value="abe2a18b-3c68-4224-885f-231343f91b97" />
					</Container>
					<Container name="MeasSymbol">
						<String name="ColorText" value="Red" />
						<Integer name="Size" value="2" />
						<Integer name="Symbol" value="0" />
						<Integer name="DockPosition" value="5" />
						<Double name="PosX" value="0.7089175190139" />
						<Double name="PosY" value="0.744681486136204" />
						<Double name="Angle" value="80" />
						<Bool name="Visible" value="true" />
					</Container>
					<Container name="DisplayElement">
						<Integer name="Size" value="2" />
						<Integer name="DockPosition" value="5" />
						<Double name="PosX" value="0.887082911842944" />
						<Double name="PosY" value="0.710501138952164" />
						<Bool name="ShowTitle" value="true" />
						<Bool name="ShowText" value="true" />
					</Container>
				</Container>
				<Container name="LayoutElement7">
					<Bool name="Show" value="true" />
					<String name="DisplayTitle" value="5-6_4-2L" />
					<String name="DisplayText" value="FA ob-un Sp KK li" />
					<Integer name="DisplayElementType" value="0" />
					<Container name="ValueReferences">
						<Integer name="Count" value="1" />
						<String name="ValueReference1" value="b2f3570a-28f8-4561-b43b-c3fd2f4774a0" />
					</Container>
					<Container name="MeasSymbol">
						<String name="ColorText" value="Red" />
						<Integer name="Size" value="2" />
						<Integer name="Symbol" value="3" />
						<Integer name="DockPosition" value="5" />
						<Double name="PosX" value="0.600340136054422" />
						<Double name="PosY" value="0.369168356997972" />
						<Double name="Angle" value="0" />
						<Bool name="Visible" value="false" />
					</Container>
					<Container name="DisplayElement">
						<Integer name="Size" value="2" />
						<Integer name="DockPosition" value="5" />
						<Double name="PosX" value="0.718627814619161" />
						<Double name="PosY" value="0.579101406016809" />
						<Bool name="ShowTitle" value="true" />
						<Bool name="ShowText" value="true" />
					</Container>
				</Container>
				<Container name="LayoutElement8">
					<Bool name="Show" value="true" />
					<String name="DisplayTitle" value="5-6_1L" />
					<String name="DisplayText" value="FD-FA Stein &#220;b li" />
					<Integer name="DisplayElementType" value="0" />
					<Container name="ValueReferences">
						<Integer name="Count" value="1" />
						<String name="ValueReference1" value="c37ea51d-5b69-45e0-873b-4178c3e7bd4b" />
					</Container>
					<Container name="MeasSymbol">
						<String name="ColorText" value="Red" />
						<Integer name="Size" value="2" />
						<Integer name="Symbol" value="0" />
						<Integer name="DockPosition" value="5" />
						<Double name="PosX" value="0.715845322393316" />
						<Double name="PosY" value="0.84161993035373" />
						<Double name="Angle" value="80" />
						<Bool name="Visible" value="true" />
					</Container>
					<Container name="DisplayElement">
						<Integer name="Size" value="2" />
						<Integer name="DockPosition" value="5" />
						<Double name="PosX" value="0.889737444938636" />
						<Double name="PosY" value="0.886332574031891" />
						<Bool name="ShowTitle" value="true" />
						<Bool name="ShowText" value="true" />
					</Container>
				</Container>
				<Container name="LayoutElement9">
					<Bool name="Show" value="true" />
					<String name="DisplayTitle" value="1-11_40L" />
					<String name="DisplayText" value="SW-2LTE Y li" />
					<Integer name="DisplayElementType" value="0" />
					<Container name="ValueReferences">
						<Integer name="Count" value="1" />
						<String name="ValueReference1" value="a812fc5a-0ad2-4893-b9bb-89275fe1d6c8" />
					</Container>
					<Container name="MeasSymbol">
						<String name="ColorText" value="Red" />
						<Integer name="Size" value="2" />
						<Integer name="Symbol" value="2" />
						<Integer name="DockPosition" value="5" />
						<Double name="PosX" value="0.122997586131226" />
						<Double name="PosY" value="0.473833671399595" />
						<Double name="Angle" value="-90" />
						<Bool name="Visible" value="true" />
					</Container>
					<Container name="DisplayElement">
						<Integer name="Size" value="2" />
						<Integer name="DockPosition" value="5" />
						<Double name="PosX" value="0.123751732793826" />
						<Double name="PosY" value="0.627178540570262" />
						<Bool name="ShowTitle" value="true" />
						<Bool name="ShowText" value="true" />
					</Container>
				</Container>
			</Container>
			<Container name="ErrPropConf">
				<Integer name="Condition1GlobalMaxQuantity" value="0" />
				<Integer name="Condition2GlobalMaxQuantity" value="0" />
				<String name="StationLabel" value="FA_LI_EP" />
			</Container>
			<Container name="QStopConf">
				<Integer name="Condition1GlobalMaxQuantity" value="0" />
				<Integer name="Condition2GlobalMaxQuantity" value="0" />
				<String name="StationLabel" value="FA_LI_QS" />
			</Container>
			<Container name="IqVisConf">
				<String name="FileNamePrefix" value="IQVIS_040MSR001FA_LI" />
				<String name="System" value="BFK_C118_FA_li" />
				<String name="Type Series" value="118" />
				<String name="Model" value="C" />
				<String name="InspectionPlan" value="BFK_C118_FA_li" />
				<Container name="IqVisElements">
					<Integer name="Count" value="9" />
					<Container name="IqVisElement1">
						<Bool name="Export" value="true" />
						<String name="FeatureName" value="1-6_40L" />
						<Container name="SubItems">
							<Integer name="Count" value="1" />
							<Container name="SubItem1">
								<String name="ComponentLabel" value="Y" />
								<String name="AnalysisStrategy" value="PG" />
								<String name="ValueReference" value="d1306266-2f77-436f-8176-defd2992966c" />
							</Container>
						</Container>
					</Container>
					<Container name="IqVisElement2">
						<Bool name="Export" value="true" />
						<String name="FeatureName" value="1-6_41L" />
						<Container name="SubItems">
							<Integer name="Count" value="1" />
							<Container name="SubItem1">
								<String name="ComponentLabel" value="Y" />
								<String name="AnalysisStrategy" value="PG" />
								<String name="ValueReference" value="98f425c3-77ef-44ca-9686-3b3a13c32f49" />
							</Container>
						</Container>
					</Container>
					<Container name="IqVisElement3">
						<Bool name="Export" value="true" />
						<String name="FeatureName" value="1-6_42L" />
						<Container name="SubItems">
							<Integer name="Count" value="1" />
							<Container name="SubItem1">
								<String name="ComponentLabel" value="Z" />
								<String name="AnalysisStrategy" value="PG" />
								<String name="ValueReference" value="8cb94547-cf3c-4b43-8521-18cbfd56a4f0" />
							</Container>
						</Container>
					</Container>
					<Container name="IqVisElement4">
						<Bool name="Export" value="true" />
						<String name="FeatureName" value="5-6_6L" />
						<Container name="SubItems">
							<Integer name="Count" value="1" />
							<Container name="SubItem1">
								<String name="ComponentLabel" value="F" />
								<String name="AnalysisStrategy" value="LG" />
								<String name="ValueReference" value="0f66d3cb-4719-41b3-9e39-949a845e896a" />
							</Container>
						</Container>
					</Container>
					<Container name="IqVisElement5">
						<Bool name="Export" value="true" />
						<String name="FeatureName" value="5-6_4L" />
						<Container name="SubItems">
							<Integer name="Count" value="2" />
							<Container name="SubItem1">
								<String name="ComponentLabel" value="G" />
								<String name="AnalysisStrategy" value="LG" />
								<String name="ValueReference" value="c6970d9c-74c6-4a5b-80ef-7f007b550cb6" />
							</Container>
							<Container name="SubItem2">
								<String name="ComponentLabel" value="F" />
								<String name="AnalysisStrategy" value="LG" />
								<String name="ValueReference" value="f1b4cc62-ada6-4700-8e5f-cdbed328cad8" />
							</Container>
						</Container>
					</Container>
					<Container name="IqVisElement6">
						<Bool name="Export" value="true" />
						<String name="FeatureName" value="5-6_2L" />
						<Container name="SubItems">
							<Integer name="Count" value="2" />
							<Container name="SubItem1">
								<String name="ComponentLabel" value="G" />
								<String name="AnalysisStrategy" value="LG" />
								<String name="ValueReference" value="5a7d2923-dbf4-484f-a1ae-73b849d1decc" />
							</Container>
							<Container name="SubItem2">
								<String name="ComponentLabel" value="F" />
								<String name="AnalysisStrategy" value="LG" />
								<String name="ValueReference" value="abe2a18b-3c68-4224-885f-231343f91b97" />
							</Container>
						</Container>
					</Container>
					<Container name="IqVisElement7">
						<Bool name="Export" value="true" />
						<String name="FeatureName" value="5-6_4-2L" />
						<Container name="SubItems">
							<Integer name="Count" value="1" />
							<Container name="SubItem1">
								<String name="ComponentLabel" value="K" />
								<String name="AnalysisStrategy" value="PG" />
								<String name="ValueReference" value="b2f3570a-28f8-4561-b43b-c3fd2f4774a0" />
							</Container>
						</Container>
					</Container>
					<Container name="IqVisElement8">
						<Bool name="Export" value="true" />
						<String name="FeatureName" value="5-6_1L" />
						<Container name="SubItems">
							<Integer name="Count" value="1" />
							<Container name="SubItem1">
								<String name="ComponentLabel" value="F" />
								<String name="AnalysisStrategy" value="LG" />
								<String name="ValueReference" value="c37ea51d-5b69-45e0-873b-4178c3e7bd4b" />
							</Container>
						</Container>
					</Container>
					<Container name="IqVisElement9">
						<Bool name="Export" value="true" />
						<String name="FeatureName" value="1-11_40L" />
						<Container name="SubItems">
							<Integer name="Count" value="1" />
							<Container name="SubItem1">
								<String name="ComponentLabel" value="Y" />
								<String name="AnalysisStrategy" value="PG" />
								<String name="ValueReference" value="a812fc5a-0ad2-4893-b9bb-89275fe1d6c8" />
							</Container>
						</Container>
					</Container>
				</Container>
			</Container>
			<Container name="ValueContainer">
				<Integer name="Count" value="11" />
				<Container name="ValueConfig1">
					<String name="ValueId" value="d1306266-2f77-436f-8176-defd2992966c" />
					<String name="MeasurementPosition" value="1-6_40L.Y" />
					<String name="ValueLabel" value="SW-FA un Y li" />
					<Container name="ValueEvalConf">
						<Bool name="WarningActive" value="false" />
						<Double name="LowerWarnLimit" value="-1.5" />
						<Double name="UpperWarnLimit" value="1.5" />
						<Double name="LowerLimit" value="-1.5" />
						<Double name="UpperLimit" value="1.5" />
						<Double name="Nominal" value="-0.5" />
						<Double name="Offset" value="-8.81" />
						<Double name="SigmaMaximum" value="0.075" />
					</Container>
					<Container name="ValueErrPropConf">
						<Bool name="Condition1AddToQuantity" value="false" />
						<Bool name="Condition2AddToQuantity" value="false" />
						<Double name="Condition3OverTolerance" value="0" />
					</Container>
					<Container name="ValueQStopConf">
						<Bool name="Condition1AddToQuantity" value="false" />
						<Bool name="Condition2AddToQuantity" value="false" />
						<Double name="Condition3OverTolerance" value="0" />
						<Double name="Condition4MaxFrequency" value="0.5" />
						<Integer name="Condition4NoMeasurements" value="20" />
						<Integer name="Condition5MaxNoOutOfTolInSequence" value="10" />
					</Container>
					<Container name="ValueItems">
						<Integer name="NoItems" value="2" />
						<Container name="Item1">
							<Integer name="TypeReference" value="-1" />
							<Integer name="SubTypeReference" value="1" />
							<String name="SensorName" value="DistanceSensor 01" />
							<Integer name="Signal" value="12" />
							<Double name="Weight" value="1" />
							<Bool name="CheckProdNumber" value="true" />
						</Container>
						<Container name="Item2">
							<Integer name="TypeReference" value="-1" />
							<Integer name="SubTypeReference" value="1" />
							<String name="SensorName" value="DistanceSensor 02" />
							<Integer name="Signal" value="12" />
							<Double name="Weight" value="-1" />
							<Bool name="CheckProdNumber" value="true" />
						</Container>
					</Container>
					<Container name="ValuePlusConf">
						<String name="MeasurementPosition" value="1-6_40L." />
						<Bool name="FlagAddToPLUS" value="true" />
						<String name="PLUSLabel" value="Y" />
					</Container>
					<Container name="ValueCSVConf">
						<Bool name="Export" value="false" />
						<String name="CSVMeasurementPosition" value="L01" />
						<String name="CSVLabel" value="V" />
					</Container>
				</Container>
				<Container name="ValueConfig2">
					<String name="ValueId" value="98f425c3-77ef-44ca-9686-3b3a13c32f49" />
					<String name="MeasurementPosition" value="1-6_41L.Y" />
					<String name="ValueLabel" value="SW-FA ob Y li" />
					<Container name="ValueEvalConf">
						<Bool name="WarningActive" value="false" />
						<Double name="LowerWarnLimit" value="-0.5" />
						<Double name="UpperWarnLimit" value="0.5" />
						<Double name="LowerLimit" value="-0.5" />
						<Double name="UpperLimit" value="0.5" />
						<Double name="Nominal" value="-0.56" />
						<Double name="Offset" value="-1.23" />
						<Double name="SigmaMaximum" value="0.075" />
					</Container>
					<Container name="ValueErrPropConf">
						<Bool name="Condition1AddToQuantity" value="false" />
						<Bool name="Condition2AddToQuantity" value="false" />
						<Double name="Condition3OverTolerance" value="0" />
					</Container>
					<Container name="ValueQStopConf">
						<Bool name="Condition1AddToQuantity" value="false" />
						<Bool name="Condition2AddToQuantity" value="false" />
						<Double name="Condition3OverTolerance" value="0" />
						<Double name="Condition4MaxFrequency" value="0.5" />
						<Integer name="Condition4NoMeasurements" value="20" />
						<Integer name="Condition5MaxNoOutOfTolInSequence" value="10" />
					</Container>
					<Container name="ValueItems">
						<Integer name="NoItems" value="2" />
						<Container name="Item1">
							<Integer name="TypeReference" value="-1" />
							<Integer name="SubTypeReference" value="1" />
							<String name="SensorName" value="DistanceSensor 04" />
							<Integer name="Signal" value="12" />
							<Double name="Weight" value="1" />
							<Bool name="CheckProdNumber" value="true" />
						</Container>
						<Container name="Item2">
							<Integer name="TypeReference" value="-1" />
							<Integer name="SubTypeReference" value="1" />
							<String name="SensorName" value="DistanceSensor 05" />
							<Integer name="Signal" value="12" />
							<Double name="Weight" value="-1" />
							<Bool name="CheckProdNumber" value="true" />
						</Container>
					</Container>
					<Container name="ValuePlusConf">
						<String name="MeasurementPosition" value="1-6_41L." />
						<Bool name="FlagAddToPLUS" value="true" />
						<String name="PLUSLabel" value="Y" />
					</Container>
					<Container name="ValueCSVConf">
						<Bool name="Export" value="false" />
						<String name="CSVMeasurementPosition" value="L01" />
						<String name="CSVLabel" value="V" />
					</Container>
				</Container>
				<Container name="ValueConfig3">
					<String name="ValueId" value="8cb94547-cf3c-4b43-8521-18cbfd56a4f0" />
					<String name="MeasurementPosition" value="1-6_42L.Z" />
					<String name="ValueLabel" value="SW-FA vo Z li" />
					<Container name="ValueEvalConf">
						<Bool name="WarningActive" value="false" />
						<Double name="LowerWarnLimit" value="-1" />
						<Double name="UpperWarnLimit" value="1" />
						<Double name="LowerLimit" value="-1" />
						<Double name="UpperLimit" value="1" />
						<Double name="Nominal" value="-0.4" />
						<Double name="Offset" value="-23.57" />
						<Double name="SigmaMaximum" value="0.075" />
					</Container>
					<Container name="ValueErrPropConf">
						<Bool name="Condition1AddToQuantity" value="false" />
						<Bool name="Condition2AddToQuantity" value="false" />
						<Double name="Condition3OverTolerance" value="0" />
					</Container>
					<Container name="ValueQStopConf">
						<Bool name="Condition1AddToQuantity" value="false" />
						<Bool name="Condition2AddToQuantity" value="false" />
						<Double name="Condition3OverTolerance" value="0" />
						<Double name="Condition4MaxFrequency" value="0.5" />
						<Integer name="Condition4NoMeasurements" value="20" />
						<Integer name="Condition5MaxNoOutOfTolInSequence" value="10" />
					</Container>
					<Container name="ValueItems">
						<Integer name="NoItems" value="2" />
						<Container name="Item1">
							<Integer name="TypeReference" value="-1" />
							<Integer name="SubTypeReference" value="1" />
							<String name="SensorName" value="Sensor 02" />
							<Integer name="Signal" value="2" />
							<Double name="Weight" value="0.368" />
							<Bool name="CheckProdNumber" value="true" />
						</Container>
						<Container name="Item2">
							<Integer name="TypeReference" value="-1" />
							<Integer name="SubTypeReference" value="1" />
							<String name="SensorName" value="Sensor 01" />
							<Integer name="Signal" value="22" />
							<Double name="Weight" value="1" />
							<Bool name="CheckProdNumber" value="true" />
						</Container>
					</Container>
					<Container name="ValuePlusConf">
						<String name="MeasurementPosition" value="1-6_42L." />
						<Bool name="FlagAddToPLUS" value="true" />
						<String name="PLUSLabel" value="Z" />
					</Container>
					<Container name="ValueCSVConf">
						<Bool name="Export" value="false" />
						<String name="CSVMeasurementPosition" value="L01" />
						<String name="CSVLabel" value="V" />
					</Container>
				</Container>
				<Container name="ValueConfig4">
					<String name="ValueId" value="c37ea51d-5b69-45e0-873b-4178c3e7bd4b" />
					<String name="MeasurementPosition" value="5-6_1L.F" />
					<String name="ValueLabel" value="FD-FA Stein &#220;b li" />
					<Container name="ValueEvalConf">
						<Bool name="WarningActive" value="true" />
						<Double name="LowerWarnLimit" value="-0.6" />
						<Double name="UpperWarnLimit" value="0.6" />
						<Double name="LowerLimit" value="-1" />
						<Double name="UpperLimit" value="1" />
						<Double name="Nominal" value="-1.1" />
						<Double name="Offset" value="0.55" />
						<Double name="SigmaMaximum" value="0.075" />
					</Container>
					<Container name="ValueErrPropConf">
						<Bool name="Condition1AddToQuantity" value="false" />
						<Bool name="Condition2AddToQuantity" value="false" />
						<Double name="Condition3OverTolerance" value="0" />
					</Container>
					<Container name="ValueQStopConf">
						<Bool name="Condition1AddToQuantity" value="false" />
						<Bool name="Condition2AddToQuantity" value="false" />
						<Double name="Condition3OverTolerance" value="0" />
						<Double name="Condition4MaxFrequency" value="0" />
						<Integer name="Condition4NoMeasurements" value="0" />
						<Integer name="Condition5MaxNoOutOfTolInSequence" value="0" />
					</Container>
					<Container name="ValueItems">
						<Integer name="NoItems" value="1" />
						<Container name="Item1">
							<Integer name="TypeReference" value="-1" />
							<Integer name="SubTypeReference" value="1" />
							<String name="SensorName" value="Sensor 10" />
							<Integer name="Signal" value="1" />
							<Double name="Weight" value="1" />
							<Bool name="CheckProdNumber" value="true" />
						</Container>
					</Container>
					<Container name="ValuePlusConf">
						<String name="MeasurementPosition" value="5-6_1L." />
						<Bool name="FlagAddToPLUS" value="true" />
						<String name="PLUSLabel" value="F" />
					</Container>
					<Container name="ValueCSVConf">
						<Bool name="Export" value="false" />
						<String name="CSVMeasurementPosition" value="L01" />
						<String name="CSVLabel" value="V" />
					</Container>
				</Container>
				<Container name="ValueConfig5">
					<String name="ValueId" value="5a7d2923-dbf4-484f-a1ae-73b849d1decc" />
					<String name="MeasurementPosition" value="5-6_2L.G" />
					<String name="ValueLabel" value="FD-FA un Sp li" />
					<Container name="ValueEvalConf">
						<Bool name="WarningActive" value="false" />
						<Double name="LowerWarnLimit" value="-0.6" />
						<Double name="UpperWarnLimit" value="0.6" />
						<Double name="LowerLimit" value="-0.6" />
						<Double name="UpperLimit" value="0.6" />
						<Double name="Nominal" value="4.1" />
						<Double name="Offset" value="-0.47" />
						<Double name="SigmaMaximum" value="0.075" />
					</Container>
					<Container name="ValueErrPropConf">
						<Bool name="Condition1AddToQuantity" value="false" />
						<Bool name="Condition2AddToQuantity" value="false" />
						<Double name="Condition3OverTolerance" value="3" />
					</Container>
					<Container name="ValueQStopConf">
						<Bool name="Condition1AddToQuantity" value="false" />
						<Bool name="Condition2AddToQuantity" value="false" />
						<Double name="Condition3OverTolerance" value="0" />
						<Double name="Condition4MaxFrequency" value="0.5" />
						<Integer name="Condition4NoMeasurements" value="20" />
						<Integer name="Condition5MaxNoOutOfTolInSequence" value="10" />
					</Container>
					<Container name="ValueItems">
						<Integer name="NoItems" value="1" />
						<Container name="Item1">
							<Integer name="TypeReference" value="-1" />
							<Integer name="SubTypeReference" value="1" />
							<String name="SensorName" value="Sensor 09" />
							<Integer name="Signal" value="2" />
							<Double name="Weight" value="1" />
							<Bool name="CheckProdNumber" value="true" />
						</Container>
					</Container>
					<Container name="ValuePlusConf">
						<String name="MeasurementPosition" value="5-6_2L." />
						<Bool name="FlagAddToPLUS" value="true" />
						<String name="PLUSLabel" value="G" />
					</Container>
					<Container name="ValueCSVConf">
						<Bool name="Export" value="false" />
						<String name="CSVMeasurementPosition" value="L01" />
						<String name="CSVLabel" value="V" />
					</Container>
				</Container>
				<Container name="ValueConfig6">
					<String name="ValueId" value="abe2a18b-3c68-4224-885f-231343f91b97" />
					<String name="MeasurementPosition" value="5-6_2L.F" />
					<String name="ValueLabel" value="FD-FA un &#220;b li" />
					<Container name="ValueEvalConf">
						<Bool name="WarningActive" value="false" />
						<Double name="LowerWarnLimit" value="-0.6" />
						<Double name="UpperWarnLimit" value="0.6" />
						<Double name="LowerLimit" value="-0.6" />
						<Double name="UpperLimit" value="0.6" />
						<Double name="Nominal" value="-1.1" />
						<Double name="Offset" value="1.0" />
						<Double name="SigmaMaximum" value="0.075" />
					</Container>
					<Container name="ValueErrPropConf">
						<Bool name="Condition1AddToQuantity" value="false" />
						<Bool name="Condition2AddToQuantity" value="false" />
						<Double name="Condition3OverTolerance" value="0" />
					</Container>
					<Container name="ValueQStopConf">
						<Bool name="Condition1AddToQuantity" value="false" />
						<Bool name="Condition2AddToQuantity" value="false" />
						<Double name="Condition3OverTolerance" value="0" />
						<Double name="Condition4MaxFrequency" value="0.5" />
						<Integer name="Condition4NoMeasurements" value="20" />
						<Integer name="Condition5MaxNoOutOfTolInSequence" value="10" />
					</Container>
					<Container name="ValueItems">
						<Integer name="NoItems" value="1" />
						<Container name="Item1">
							<Integer name="TypeReference" value="-1" />
							<Integer name="SubTypeReference" value="1" />
							<String name="SensorName" value="Sensor 09" />
							<Integer name="Signal" value="1" />
							<Double name="Weight" value="1" />
							<Bool name="CheckProdNumber" value="true" />
						</Container>
					</Container>
					<Container name="ValuePlusConf">
						<String name="MeasurementPosition" value="5-6_2L." />
						<Bool name="FlagAddToPLUS" value="true" />
						<String name="PLUSLabel" value="F" />
					</Container>
					<Container name="ValueCSVConf">
						<Bool name="Export" value="false" />
						<String name="CSVMeasurementPosition" value="L01" />
						<String name="CSVLabel" value="V" />
					</Container>
				</Container>
				<Container name="ValueConfig7">
					<String name="ValueId" value="b2f3570a-28f8-4561-b43b-c3fd2f4774a0" />
					<String name="MeasurementPosition" value="5-6_4-2L.K" />
					<String name="ValueLabel" value="FA ob-un Sp KK li" />
					<Container name="ValueEvalConf">
						<Bool name="WarningActive" value="false" />
						<Double name="LowerWarnLimit" value="-0.6" />
						<Double name="UpperWarnLimit" value="0.6" />
						<Double name="LowerLimit" value="-0.6" />
						<Double name="UpperLimit" value="0.6" />
						<Double name="Nominal" value="0.4" />
						<Double name="Offset" value="0.76" />
						<Double name="SigmaMaximum" value="0.075" />
					</Container>
					<Container name="ValueErrPropConf">
						<Bool name="Condition1AddToQuantity" value="false" />
						<Bool name="Condition2AddToQuantity" value="false" />
						<Double name="Condition3OverTolerance" value="0" />
					</Container>
					<Container name="ValueQStopConf">
						<Bool name="Condition1AddToQuantity" value="false" />
						<Bool name="Condition2AddToQuantity" value="false" />
						<Double name="Condition3OverTolerance" value="0" />
						<Double name="Condition4MaxFrequency" value="0" />
						<Integer name="Condition4NoMeasurements" value="0" />
						<Integer name="Condition5MaxNoOutOfTolInSequence" value="0" />
					</Container>
					<Container name="ValueItems">
						<Integer name="NoItems" value="2" />
						<Container name="Item1">
							<Integer name="TypeReference" value="-1" />
							<Integer name="SubTypeReference" value="1" />
							<String name="SensorName" value="Sensor 08" />
							<Integer name="Signal" value="2" />
							<Double name="Weight" value="1" />
							<Bool name="CheckProdNumber" value="true" />
						</Container>
						<Container name="Item2">
							<Integer name="TypeReference" value="-1" />
							<Integer name="SubTypeReference" value="1" />
							<String name="SensorName" value="Sensor 09" />
							<Integer name="Signal" value="2" />
							<Double name="Weight" value="-1" />
							<Bool name="CheckProdNumber" value="true" />
						</Container>
					</Container>
					<Container name="ValuePlusConf">
						<String name="MeasurementPosition" value="5-6_4-2L." />
						<Bool name="FlagAddToPLUS" value="true" />
						<String name="PLUSLabel" value="K" />
					</Container>
					<Container name="ValueCSVConf">
						<Bool name="Export" value="false" />
						<String name="CSVMeasurementPosition" value="L01" />
						<String name="CSVLabel" value="V" />
					</Container>
				</Container>
				<Container name="ValueConfig8">
					<String name="ValueId" value="c6970d9c-74c6-4a5b-80ef-7f007b550cb6" />
					<String name="MeasurementPosition" value="5-6_4L.G" />
					<String name="ValueLabel" value="FD-FA ob Sp li" />
					<Container name="ValueEvalConf">
						<Bool name="WarningActive" value="false" />
						<Double name="LowerWarnLimit" value="-0.6" />
						<Double name="UpperWarnLimit" value="0.6" />
						<Double name="LowerLimit" value="-0.6" />
						<Double name="UpperLimit" value="0.6" />
						<Double name="Nominal" value="4.5" />
						<Double name="Offset" value="0.31" />
						<Double name="SigmaMaximum" value="0.075" />
					</Container>
					<Container name="ValueErrPropConf">
						<Bool name="Condition1AddToQuantity" value="false" />
						<Bool name="Condition2AddToQuantity" value="false" />
						<Double name="Condition3OverTolerance" value="3" />
					</Container>
					<Container name="ValueQStopConf">
						<Bool name="Condition1AddToQuantity" value="false" />
						<Bool name="Condition2AddToQuantity" value="false" />
						<Double name="Condition3OverTolerance" value="0" />
						<Double name="Condition4MaxFrequency" value="0.5" />
						<Integer name="Condition4NoMeasurements" value="20" />
						<Integer name="Condition5MaxNoOutOfTolInSequence" value="10" />
					</Container>
					<Container name="ValueItems">
						<Integer name="NoItems" value="1" />
						<Container name="Item1">
							<Integer name="TypeReference" value="-1" />
							<Integer name="SubTypeReference" value="1" />
							<String name="SensorName" value="Sensor 08" />
							<Integer name="Signal" value="2" />
							<Double name="Weight" value="1" />
							<Bool name="CheckProdNumber" value="true" />
						</Container>
					</Container>
					<Container name="ValuePlusConf">
						<String name="MeasurementPosition" value="5-6_4L." />
						<Bool name="FlagAddToPLUS" value="true" />
						<String name="PLUSLabel" value="G" />
					</Container>
					<Container name="ValueCSVConf">
						<Bool name="Export" value="false" />
						<String name="CSVMeasurementPosition" value="L01" />
						<String name="CSVLabel" value="V" />
					</Container>
				</Container>
				<Container name="ValueConfig9">
					<String name="ValueId" value="0f66d3cb-4719-41b3-9e39-949a845e896a" />
					<String name="MeasurementPosition" value="5-6_6L.F" />
					<String name="ValueLabel" value="FA HST li" />
					<Container name="ValueEvalConf">
						<Bool name="WarningActive" value="false" />
						<Double name="LowerWarnLimit" value="-0.6" />
						<Double name="UpperWarnLimit" value="0.6" />
						<Double name="LowerLimit" value="-0.6" />
						<Double name="UpperLimit" value="0.6" />
						<Double name="Nominal" value="1.8" />
						<Double name="Offset" value="3.21" />
						<Double name="SigmaMaximum" value="0.075" />
					</Container>
					<Container name="ValueErrPropConf">
						<Bool name="Condition1AddToQuantity" value="false" />
						<Bool name="Condition2AddToQuantity" value="false" />
						<Double name="Condition3OverTolerance" value="0" />
					</Container>
					<Container name="ValueQStopConf">
						<Bool name="Condition1AddToQuantity" value="false" />
						<Bool name="Condition2AddToQuantity" value="false" />
						<Double name="Condition3OverTolerance" value="0" />
						<Double name="Condition4MaxFrequency" value="0.5" />
						<Integer name="Condition4NoMeasurements" value="20" />
						<Integer name="Condition5MaxNoOutOfTolInSequence" value="10" />
					</Container>
					<Container name="ValueItems">
						<Integer name="NoItems" value="1" />
						<Container name="Item1">
							<Integer name="TypeReference" value="-1" />
							<Integer name="SubTypeReference" value="1" />
							<String name="SensorName" value="Sensor 06" />
							<Integer name="Signal" value="1" />
							<Double name="Weight" value="1" />
							<Bool name="CheckProdNumber" value="true" />
						</Container>
					</Container>
					<Container name="ValuePlusConf">
						<String name="MeasurementPosition" value="5-6_6L." />
						<Bool name="FlagAddToPLUS" value="true" />
						<String name="PLUSLabel" value="F" />
					</Container>
					<Container name="ValueCSVConf">
						<Bool name="Export" value="false" />
						<String name="CSVMeasurementPosition" value="L01" />
						<String name="CSVLabel" value="V" />
					</Container>
				</Container>
				<Container name="ValueConfig10">
					<String name="ValueId" value="f1b4cc62-ada6-4700-8e5f-cdbed328cad8" />
					<String name="MeasurementPosition" value="5-6_4L.F" />
					<String name="ValueLabel" value="FA NST li" />
					<Container name="ValueEvalConf">
						<Bool name="WarningActive" value="false" />
						<Double name="LowerWarnLimit" value="-0.05" />
						<Double name="UpperWarnLimit" value="0.05" />
						<Double name="LowerLimit" value="-0.05" />
						<Double name="UpperLimit" value="0.05" />
						<Double name="Nominal" value="0" />
						<Double name="Offset" value="0.0" />
						<Double name="SigmaMaximum" value="0.075" />
					</Container>
					<Container name="ValueErrPropConf">
						<Bool name="Condition1AddToQuantity" value="false" />
						<Bool name="Condition2AddToQuantity" value="false" />
						<Double name="Condition3OverTolerance" value="0" />
					</Container>
					<Container name="ValueQStopConf">
						<Bool name="Condition1AddToQuantity" value="false" />
						<Bool name="Condition2AddToQuantity" value="false" />
						<Double name="Condition3OverTolerance" value="0" />
						<Double name="Condition4MaxFrequency" value="0.5" />
						<Integer name="Condition4NoMeasurements" value="20" />
						<Integer name="Condition5MaxNoOutOfTolInSequence" value="10" />
					</Container>
					<Container name="ValueItems">
						<Integer name="NoItems" value="1" />
						<Container name="Item1">
							<Integer name="TypeReference" value="-1" />
							<Integer name="SubTypeReference" value="1" />
							<String name="SensorName" value="Sensor 08" />
							<Integer name="Signal" value="1" />
							<Double name="Weight" value="1" />
							<Bool name="CheckProdNumber" value="true" />
						</Container>
					</Container>
					<Container name="ValuePlusConf">
						<String name="MeasurementPosition" value="5-6_4L." />
						<Bool name="FlagAddToPLUS" value="true" />
						<String name="PLUSLabel" value="F" />
					</Container>
					<Container name="ValueCSVConf">
						<Bool name="Export" value="false" />
						<String name="CSVMeasurementPosition" value="L01" />
						<String name="CSVLabel" value="V" />
					</Container>
				</Container>
				<Container name="ValueConfig11">
					<String name="ValueId" value="a812fc5a-0ad2-4893-b9bb-89275fe1d6c8" />
					<String name="MeasurementPosition" value="1-11_40L.Y" />
					<String name="ValueLabel" value="SW-2LTE Y li" />
					<Container name="ValueEvalConf">
						<Bool name="WarningActive" value="false" />
						<Double name="LowerWarnLimit" value="-2" />
						<Double name="UpperWarnLimit" value="2" />
						<Double name="LowerLimit" value="-2" />
						<Double name="UpperLimit" value="2" />
						<Double name="Nominal" value="0" />
						<Double name="Offset" value="798.2" />
						<Double name="SigmaMaximum" value="0.075" />
					</Container>
					<Container name="ValueErrPropConf">
						<Bool name="Condition1AddToQuantity" value="false" />
						<Bool name="Condition2AddToQuantity" value="false" />
						<Double name="Condition3OverTolerance" value="0" />
					</Container>
					<Container name="ValueQStopConf">
						<Bool name="Condition1AddToQuantity" value="false" />
						<Bool name="Condition2AddToQuantity" value="false" />
						<Double name="Condition3OverTolerance" value="0" />
						<Double name="Condition4MaxFrequency" value="0" />
						<Integer name="Condition4NoMeasurements" value="0" />
						<Integer name="Condition5MaxNoOutOfTolInSequence" value="0" />
					</Container>
					<Container name="ValueItems">
						<Integer name="NoItems" value="2" />
						<Container name="Item1">
							<Integer name="TypeReference" value="-1" />
							<Integer name="SubTypeReference" value="1" />
							<String name="SensorName" value="DistanceSensor 03" />
							<Integer name="Signal" value="12" />
							<Double name="Weight" value="1" />
							<Bool name="CheckProdNumber" value="true" />
						</Container>
						<Container name="Item2">
							<Integer name="TypeReference" value="-1" />
							<Integer name="SubTypeReference" value="1" />
							<String name="SensorName" value="Sensor 02" />
							<Integer name="Signal" value="16" />
							<Double name="Weight" value="-1" />
							<Bool name="CheckProdNumber" value="true" />
						</Container>
					</Container>
					<Container name="ValuePlusConf">
						<String name="MeasurementPosition" value="1-11_40L." />
						<Bool name="FlagAddToPLUS" value="true" />
						<String name="PLUSLabel" value="Y" />
					</Container>
					<Container name="ValueCSVConf">
						<Bool name="Export" value="false" />
						<String name="CSVMeasurementPosition" value="L01" />
						<String name="CSVLabel" value="V" />
					</Container>
				</Container>
			</Container>
			<Container name="SubTypeContainer">
				<Container name="SubTypeWithInternalIndex1">
					<Bool name="GenerateEProp" value="true" />
					<Bool name="GenerateQStop" value="true" />
					<Container name="PlusConf">
						<Bool name="Enabled" value="true" />
						<String name="StationNumber" value="2365" />
					</Container>
					<Container name="IqVisConf">
						<Bool name="Enabled" value="true" />
						<String name="ProcessStep" value="Audit" />
					</Container>
					<Container name="CSVConf">
						<Bool name="Enabled" value="false" />
						<String name="FileNamePrefix" value="" />
					</Container>
					<Container name="EmilConf">
						<Bool name="Enabled" value="false" />
						<String name="InspectionCategory" value="SILN" />
					</Container>
				</Container>
				<Container name="SubTypeWithInternalIndex2">
					<Bool name="GenerateEProp" value="false" />
					<Bool name="GenerateQStop" value="false" />
					<Container name="PlusConf">
						<Bool name="Enabled" value="false" />
						<String name="StationNumber" value="" />
					</Container>
					<Container name="IqVisConf">
						<Bool name="Enabled" value="true" />
						<String name="ProcessStep" value="Passung_vor_Regelung" />
					</Container>
					<Container name="CSVConf">
						<Bool name="Enabled" value="false" />
						<String name="FileNamePrefix" value="" />
					</Container>
					<Container name="EmilConf">
						<Bool name="Enabled" value="false" />
						<String name="InspectionCategory" value="SILN" />
					</Container>
				</Container>
				<Container name="SubTypeWithInternalIndex3">
					<Bool name="GenerateEProp" value="false" />
					<Bool name="GenerateQStop" value="false" />
					<Container name="PlusConf">
						<Bool name="Enabled" value="false" />
						<String name="StationNumber" value="" />
					</Container>
					<Container name="IqVisConf">
						<Bool name="Enabled" value="true" />
						<String name="ProcessStep" value="Passung_nach_Regelung" />
					</Container>
					<Container name="CSVConf">
						<Bool name="Enabled" value="false" />
						<String name="FileNamePrefix" value="" />
					</Container>
					<Container name="EmilConf">
						<Bool name="Enabled" value="false" />
						<String name="InspectionCategory" value="SILN" />
					</Container>
				</Container>
				<Container name="SubTypeWithInternalIndex4">
					<Bool name="GenerateEProp" value="false" />
					<Bool name="GenerateQStop" value="false" />
					<Container name="PlusConf">
						<Bool name="Enabled" value="false" />
						<String name="StationNumber" value="" />
					</Container>
					<Container name="IqVisConf">
						<Bool name="Enabled" value="true" />
						<String name="ProcessStep" value="Fuegeposition" />
					</Container>
					<Container name="CSVConf">
						<Bool name="Enabled" value="false" />
						<String name="FileNamePrefix" value="" />
					</Container>
					<Container name="EmilConf">
						<Bool name="Enabled" value="false" />
						<String name="InspectionCategory" value="SILN" />
					</Container>
				</Container>
				<Container name="SubTypeWithInternalIndex5">
					<Bool name="GenerateEProp" value="false" />
					<Bool name="GenerateQStop" value="false" />
					<Container name="PlusConf">
						<Bool name="Enabled" value="false" />
						<String name="StationNumber" value="" />
					</Container>
					<Container name="IqVisConf">
						<Bool name="Enabled" value="true" />
						<String name="ProcessStep" value="vor_Verschraubung" />
					</Container>
					<Container name="CSVConf">
						<Bool name="Enabled" value="false" />
						<String name="FileNamePrefix" value="" />
					</Container>
					<Container name="EmilConf">
						<Bool name="Enabled" value="false" />
						<String name="InspectionCategory" value="SILN" />
					</Container>
				</Container>
				<Container name="SubTypeWithInternalIndex6">
					<Bool name="GenerateEProp" value="false" />
					<Bool name="GenerateQStop" value="false" />
					<Container name="PlusConf">
						<Bool name="Enabled" value="false" />
						<String name="StationNumber" value="" />
					</Container>
					<Container name="IqVisConf">
						<Bool name="Enabled" value="true" />
						<String name="ProcessStep" value="nach_Verschraubung" />
					</Container>
					<Container name="CSVConf">
						<Bool name="Enabled" value="false" />
						<String name="FileNamePrefix" value="" />
					</Container>
					<Container name="EmilConf">
						<Bool name="Enabled" value="false" />
						<String name="InspectionCategory" value="SILN" />
					</Container>
				</Container>
				<Container name="SubTypeWithInternalIndex7">
					<Bool name="GenerateEProp" value="false" />
					<Bool name="GenerateQStop" value="false" />
					<Container name="PlusConf">
						<Bool name="Enabled" value="false" />
						<String name="StationNumber" value="" />
					</Container>
					<Container name="IqVisConf">
						<Bool name="Enabled" value="true" />
						<String name="ProcessStep" value="MFU1" />
					</Container>
					<Container name="CSVConf">
						<Bool name="Enabled" value="false" />
						<String name="FileNamePrefix" value="" />
					</Container>
					<Container name="EmilConf">
						<Bool name="Enabled" value="false" />
						<String name="InspectionCategory" value="SILN" />
					</Container>
				</Container>
				<Container name="SubTypeWithInternalIndex8">
					<Bool name="GenerateEProp" value="false" />
					<Bool name="GenerateQStop" value="false" />
					<Container name="PlusConf">
						<Bool name="Enabled" value="false" />
						<String name="StationNumber" value="" />
					</Container>
					<Container name="IqVisConf">
						<Bool name="Enabled" value="true" />
						<String name="ProcessStep" value="MFU2" />
					</Container>
					<Container name="CSVConf">
						<Bool name="Enabled" value="false" />
						<String name="FileNamePrefix" value="" />
					</Container>
					<Container name="EmilConf">
						<Bool name="Enabled" value="false" />
						<String name="InspectionCategory" value="SILN" />
					</Container>
				</Container>
				<Container name="SubTypeWithInternalIndex9">
					<Bool name="GenerateEProp" value="false" />
					<Bool name="GenerateQStop" value="false" />
					<Container name="PlusConf">
						<Bool name="Enabled" value="false" />
						<String name="StationNumber" value="" />
					</Container>
					<Container name="IqVisConf">
						<Bool name="Enabled" value="true" />
						<String name="ProcessStep" value="MFU3" />
					</Container>
					<Container name="CSVConf">
						<Bool name="Enabled" value="false" />
						<String name="FileNamePrefix" value="" />
					</Container>
					<Container name="EmilConf">
						<Bool name="Enabled" value="false" />
						<String name="InspectionCategory" value="SILN" />
					</Container>
				</Container>
				<Container name="SubTypeWithInternalIndex10">
					<Bool name="GenerateEProp" value="false" />
					<Bool name="GenerateQStop" value="false" />
					<Container name="PlusConf">
						<Bool name="Enabled" value="false" />
						<String name="StationNumber" value="" />
					</Container>
					<Container name="IqVisConf">
						<Bool name="Enabled" value="true" />
						<String name="ProcessStep" value="MFU4" />
					</Container>
					<Container name="CSVConf">
						<Bool name="Enabled" value="false" />
						<String name="FileNamePrefix" value="" />
					</Container>
					<Container name="EmilConf">
						<Bool name="Enabled" value="false" />
						<String name="InspectionCategory" value="SILN" />
					</Container>
				</Container>
			</Container>
			<Container name="EmilConf">
				<String name="FileNamePrefix" value="" />
				<String name="InspectionTask" value="" />
				<String name="InspectionPlan" value="" />
				<String name="ProductionDevice" value="" />
				<Integer name="ProductionState" value="0" />
				<Container name="InspectionElement">
					<Integer name="Count" value="0" />
				</Container>
			</Container>
		</Container>
		<Container name="MeasurementValueGroups">
			<Integer name="ValueGroupCount" value="4" />
			<Container name="ValueGroup1">
				<String name="Name" value="MFU1_mit_BT_Einfluss_je 100" />
				<String name="Comment" value="" />
				<Container name="Values">
					<Integer name="ValueCount" value="8" />
					<String name="MeasurementValue1" value="FOR-FAR ob Sp li [5-6_10L.G];ComposedValue;Value" />
					<String name="MeasurementValue2" value="FOR-FAR ob &#220;b li [5-6_10L.F];ComposedValue;Value" />
					<String name="MeasurementValue3" value="SW-2LTE Y li [1-11_40L.Y];ComposedValue;Value" />
					<String name="MeasurementValue4" value="SW-FA ob Y li [1-6_41L.Y];ComposedValue;Value" />
					<String name="MeasurementValue5" value="SW-FA un Y li [1-6_40L.Y];ComposedValue;Value" />
					<String name="MeasurementValue6" value="SW-FA vo Z li [1-6_42L.Z];ComposedValue;Value" />
					<String name="MeasurementValue7" value="SW-FAR vo Sp li [1-6_16L.G];ComposedValue;Value" />
					<String name="MeasurementValue8" value="SW-FAR vo &#220;b li [1-6_16L.F];ComposedValue;Value" />
				</Container>
			</Container>
			<Container name="ValueGroup2">
				<String name="Name" value="MFU1_ohne_BT_Einfluss_700" />
				<String name="Comment" value="" />
				<Container name="Values">
					<Integer name="ValueCount" value="9" />
					<String name="MeasurementValue1" value="FA HST li [5-6_6L.F];ComposedValue;Value" />
					<String name="MeasurementValue2" value="FA NST li [5-6_4L.F];ComposedValue;Value" />
					<String name="MeasurementValue3" value="FA ob-un Sp KK li [5-6_4-2L.K];ComposedValue;Value" />
					<String name="MeasurementValue4" value="FD-FA ob Sp li [5-6_4L.G];ComposedValue;Value" />
					<String name="MeasurementValue5" value="FD-FA Stein &#220;b li [5-6_1L.F];ComposedValue;Value" />
					<String name="MeasurementValue6" value="FD-FA un Sp li [5-6_2L.G];ComposedValue;Value" />
					<String name="MeasurementValue7" value="FD-FA un &#220;b li [5-6_2L.F];ComposedValue;Value" />
					<String name="MeasurementValue8" value="SW-FAR hi Sp li [1-6_20L.G];ComposedValue;Value" />
					<String name="MeasurementValue9" value="SW-FAR hi &#220;b li [1-6_20L.F];ComposedValue;Value" />
				</Container>
			</Container>
			<Container name="ValueGroup3">
				<String name="Name" value="MFU2" />
				<String name="Comment" value="" />
				<Container name="Values">
					<Integer name="ValueCount" value="1" />
					<String name="MeasurementValue1" value="FA NST li [5-6_4L.F];ComposedValue;Value" />
				</Container>
			</Container>
			<Container name="ValueGroup4">
				<String name="Name" value="MFU4" />
				<String name="Comment" value="" />
				<Container name="Values">
					<Integer name="ValueCount" value="7" />
					<String name="MeasurementValue1" value="FA HST li [5-6_6L.F];ComposedValue;Value" />
					<String name="MeasurementValue2" value="FA NST li [5-6_4L.F];ComposedValue;Value" />
					<String name="MeasurementValue3" value="FD-FA ob Sp li [5-6_4L.G];ComposedValue;Value" />
					<String name="MeasurementValue4" value="FD-FA un Sp li [5-6_2L.G];ComposedValue;Value" />
					<String name="MeasurementValue5" value="SW-2LTE Y li [1-11_40L.Y];ComposedValue;Value" />
					<String name="MeasurementValue6" value="SW-FA ob Y li [1-6_41L.Y];ComposedValue;Value" />
					<String name="MeasurementValue7" value="SW-FA vo Z li [1-6_42L.Z];ComposedValue;Value" />
				</Container>
			</Container>
		</Container>
	</Container>
</xml>