<xml>
	<Header>
		<DocumentName value="AuditTypeParameterFile" />
		<SavePath value="d:\bestfit\audittypes_left\140_x118_fd_li.xml" />
		<VolumeID value="A81B-CEA1" />
		<DocumentVersion value="2" />
		<Revision value="r7437" />
		<TimeStamp value="2022-09-15 14:43:07" />
		<CheckSum value="6AAF087BBD34ACB064FEF62927F66D3AE66A426A" />
	</Header>
	<Container name="root">
		<Container name="Audit">
			<Integer name="NoScanners" value="12" />
			<Container name="Scanner1">
				<Integer name="Typ" value="1" />
				<String name="Name" value="Sensor 01" />
				<String name="SensorPath" value="D:\BestFit\AuditTypes_Left\Sensors_X118\Sensor01.xml" />
			</Container>
			<Container name="Scanner2">
				<Integer name="Typ" value="1" />
				<String name="Name" value="Sensor 02" />
				<String name="SensorPath" value="D:\BestFit\AuditTypes_Left\Sensors_X118\Sensor02.xml" />
			</Container>
			<Container name="Scanner3">
				<Integer name="Typ" value="1" />
				<String name="Name" value="Sensor 03" />
				<String name="SensorPath" value="D:\BestFit\AuditTypes_Left\Sensors_X118\Sensor03.xml" />
			</Container>
			<Container name="Scanner4">
				<Integer name="Typ" value="1" />
				<String name="Name" value="Sensor 05" />
				<String name="SensorPath" value="D:\BestFit\AuditTypes_Left\Sensors_X118\Sensor05.xml" />
			</Container>
			<Container name="Scanner5">
				<Integer name="Typ" value="3" />
				<String name="Name" value="DistanceSensor 01" />
				<String name="SensorPath" value="D:\BestFit\BestFitTypes_Left\SensorsDistance\DistanceSensor01.xml" />
			</Container>
			<Container name="Scanner6">
				<Integer name="Typ" value="3" />
				<String name="Name" value="DistanceSensor 02" />
				<String name="SensorPath" value="D:\BestFit\BestFitTypes_Left\SensorsDistance\DistanceSensor02.xml" />
			</Container>
			<Container name="Scanner7">
				<Integer name="Typ" value="3" />
				<String name="Name" value="DistanceSensor 03" />
				<String name="SensorPath" value="D:\BestFit\BestFitTypes_Left\SensorsDistance\DistanceSensor03.xml" />
			</Container>
			<Container name="Scanner8">
				<Integer name="Typ" value="1" />
				<String name="Name" value="Sensor 06" />
				<String name="SensorPath" value="D:\BestFit\AuditTypes_Left\Sensors_X118\Sensor06.xml" />
			</Container>
			<Container name="Scanner9">
				<Integer name="Typ" value="1" />
				<String name="Name" value="Sensor 08" />
				<String name="SensorPath" value="D:\BestFit\AuditTypes_Left\Sensors_X118\Sensor08.xml" />
			</Container>
			<Container name="Scanner10">
				<Integer name="Typ" value="2" />
				<String name="Name" value="Camera 2" />
				<String name="SensorPath" value="D:\BestFit\AuditTypes_Left\SensorsCamera_X118\Camera1.xml" />
			</Container>
			<Container name="Scanner11">
				<Integer name="Typ" value="1" />
				<String name="Name" value="Sensor 09" />
				<String name="SensorPath" value="D:\BestFit\AuditTypes_Left\Sensors_X118\Sensor09.xml" />
			</Container>
			<Container name="Scanner12">
				<Integer name="Typ" value="1" />
				<String name="Name" value="Sensor 10" />
				<String name="SensorPath" value="D:\BestFit\AuditTypes_Left\Sensors_X118\Sensor10.xml" />
			</Container>
			<Integer name="NoSamples" value="10" />
			<Double name="MaxDeviation" value="1" />
			<Integer name="SensorDelay" value="500" />
			<Bool name="FlagRsiQStop" value="true" />
			<Integer name="GroupIndex" value="7" />
			<Container name="SubType">
				<UInt name="NoAddedSubTypes" value="10" />
				<Integer name="NoSubTypes" value="10" />
				<Container name="SubType1">
					<UInt name="InternalIndex" value="1" />
					<Integer name="Index" value="1" />
					<String name="Name" value="Abgabemessung" />
					<Container name="Recording">
						<Bool name="FlagPathAuto" value="true" />
						<Bool name="FlagSave" value="true" />
						<String name="Path" value="D:\BestFitLog\RawData\" />
						<UInt name="MaxNoDirs" value="500" />
					</Container>
				</Container>
				<Container name="SubType2">
					<UInt name="InternalIndex" value="2" />
					<Integer name="Index" value="4" />
					<String name="Name" value="Passung_vor_Regelung" />
					<Container name="Recording">
						<Bool name="FlagPathAuto" value="true" />
						<Bool name="FlagSave" value="true" />
						<String name="Path" value="D:\BestFitLog\RawData\" />
						<UInt name="MaxNoDirs" value="100" />
					</Container>
				</Container>
				<Container name="SubType3">
					<UInt name="InternalIndex" value="3" />
					<Integer name="Index" value="5" />
					<String name="Name" value="Passung_nach_Regelung" />
					<Container name="Recording">
						<Bool name="FlagPathAuto" value="true" />
						<Bool name="FlagSave" value="true" />
						<String name="Path" value="D:\BestFitLog\RawData\" />
						<UInt name="MaxNoDirs" value="100" />
					</Container>
				</Container>
				<Container name="SubType4">
					<UInt name="InternalIndex" value="4" />
					<Integer name="Index" value="6" />
					<String name="Name" value="Fuegeposition" />
					<Container name="Recording">
						<Bool name="FlagPathAuto" value="true" />
						<Bool name="FlagSave" value="true" />
						<String name="Path" value="D:\BestFitLog\RawData\" />
						<UInt name="MaxNoDirs" value="100" />
					</Container>
				</Container>
				<Container name="SubType5">
					<UInt name="InternalIndex" value="5" />
					<Integer name="Index" value="7" />
					<String name="Name" value="vor_Verschraubung" />
					<Container name="Recording">
						<Bool name="FlagPathAuto" value="true" />
						<Bool name="FlagSave" value="true" />
						<String name="Path" value="D:\BestFitLog\RawData\" />
						<UInt name="MaxNoDirs" value="100" />
					</Container>
				</Container>
				<Container name="SubType6">
					<UInt name="InternalIndex" value="6" />
					<Integer name="Index" value="8" />
					<String name="Name" value="nach_Verschraubung" />
					<Container name="Recording">
						<Bool name="FlagPathAuto" value="true" />
						<Bool name="FlagSave" value="true" />
						<String name="Path" value="D:\BestFitLog\RawData\" />
						<UInt name="MaxNoDirs" value="100" />
					</Container>
				</Container>
				<Container name="SubType7">
					<UInt name="InternalIndex" value="7" />
					<Integer name="Index" value="501" />
					<String name="Name" value="MFU1" />
					<Container name="Recording">
						<Bool name="FlagPathAuto" value="true" />
						<Bool name="FlagSave" value="true" />
						<String name="Path" value="D:\BestFitLog\RawData\" />
						<UInt name="MaxNoDirs" value="700" />
					</Container>
				</Container>
				<Container name="SubType8">
					<UInt name="InternalIndex" value="8" />
					<Integer name="Index" value="502" />
					<String name="Name" value="MFU2" />
					<Container name="Recording">
						<Bool name="FlagPathAuto" value="true" />
						<Bool name="FlagSave" value="true" />
						<String name="Path" value="D:\BestFitLog\RawData\" />
						<UInt name="MaxNoDirs" value="700" />
					</Container>
				</Container>
				<Container name="SubType9">
					<UInt name="InternalIndex" value="9" />
					<Integer name="Index" value="503" />
					<String name="Name" value="MFU3" />
					<Container name="Recording">
						<Bool name="FlagPathAuto" value="true" />
						<Bool name="FlagSave" value="true" />
						<String name="Path" value="D:\BestFitLog\RawData\" />
						<UInt name="MaxNoDirs" value="700" />
					</Container>
				</Container>
				<Container name="SubType10">
					<UInt name="InternalIndex" value="10" />
					<Integer name="Index" value="504" />
					<String name="Name" value="MFU4" />
					<Container name="Recording">
						<Bool name="FlagPathAuto" value="true" />
						<Bool name="FlagSave" value="true" />
						<String name="Path" value="D:\BestFitLog\RawData\" />
						<UInt name="MaxNoDirs" value="700" />
					</Container>
				</Container>
			</Container>
		</Container>
		<Container name="Visu">
			<Bool name="WarnTolActive" value="true" />
			<Container name="LayoutConf">
				<String name="ImagePath" value="D:\BestFit\Pictures\BestFitVisu_IQ-Vis_X118_FD_li.bmp" />
				<Bool name="UseAutoPositionUpdateForMeasPos" value="false" />
				<Bool name="EnableScaling" value="false" />
				<Integer name="ImageWidth" value="1351" />
				<Integer name="ImageHeight" value="877" />
				<Double name="ImageScaling" value="1" />
				<Container name="CoordinateSystem">
					<Integer name="ImageOriginX" value="0" />
					<Integer name="ImageOriginY" value="0" />
					<Integer name="HorizontalAxis" value="0" />
					<Integer name="DirectionHorizontal" value="1" />
					<Integer name="VerticalAxis" value="1" />
					<Integer name="DirectionVertical" value="1" />
					<Integer name="DeepnessAxis" value="2" />
					<Integer name="DirectionDeepness" value="1" />
				</Container>
				<Integer name="NoLayoutElements" value="10" />
				<Container name="LayoutElement1">
					<Bool name="Show" value="true" />
					<String name="DisplayTitle" value="1-5_40L" />
					<String name="DisplayText" value="SW-FD un Y li" />
					<Integer name="DisplayElementType" value="0" />
					<Container name="ValueReferences">
						<Integer name="Count" value="1" />
						<String name="ValueReference1" value="29a8b6f9-c50b-4fc3-9f80-a308163ebb5d" />
					</Container>
					<Container name="MeasSymbol">
						<String name="ColorText" value="Red" />
						<Integer name="Size" value="1" />
						<Integer name="Symbol" value="2" />
						<Integer name="DockPosition" value="5" />
						<Double name="PosX" value="0.193809974169982" />
						<Double name="PosY" value="0.756021994505239" />
						<Double name="Angle" value="-90" />
						<Bool name="Visible" value="true" />
					</Container>
					<Container name="DisplayElement">
						<Integer name="Size" value="2" />
						<Integer name="DockPosition" value="5" />
						<Double name="PosX" value="0.299028164952417" />
						<Double name="PosY" value="0.757530864197531" />
						<Bool name="ShowTitle" value="true" />
						<Bool name="ShowText" value="true" />
					</Container>
				</Container>
				<Container name="LayoutElement2">
					<Bool name="Show" value="true" />
					<String name="DisplayTitle" value="1-5_41L" />
					<String name="DisplayText" value="SW-FD ob Y li" />
					<Integer name="DisplayElementType" value="0" />
					<Container name="ValueReferences">
						<Integer name="Count" value="1" />
						<String name="ValueReference1" value="42a8d5ae-cbea-4662-ba8a-8287f5edfd9b" />
					</Container>
					<Container name="MeasSymbol">
						<String name="ColorText" value="Red" />
						<Integer name="Size" value="1" />
						<Integer name="Symbol" value="2" />
						<Integer name="DockPosition" value="5" />
						<Double name="PosX" value="0.210562740896702" />
						<Double name="PosY" value="0.461226378025779" />
						<Double name="Angle" value="-90" />
						<Bool name="Visible" value="true" />
					</Container>
					<Container name="DisplayElement">
						<Integer name="Size" value="2" />
						<Integer name="DockPosition" value="5" />
						<Double name="PosX" value="0.318830145150437" />
						<Double name="PosY" value="0.461035963499732" />
						<Bool name="ShowTitle" value="true" />
						<Bool name="ShowText" value="true" />
					</Container>
				</Container>
				<Container name="LayoutElement3">
					<Bool name="Show" value="true" />
					<String name="DisplayTitle" value="1-5_42L" />
					<String name="DisplayText" value="SW-FD vo Z li" />
					<Integer name="DisplayElementType" value="0" />
					<Container name="ValueReferences">
						<Integer name="Count" value="1" />
						<String name="ValueReference1" value="67303e3e-00a2-4535-9684-d107178c33b5" />
					</Container>
					<Container name="MeasSymbol">
						<String name="ColorText" value="Red" />
						<Integer name="Size" value="1" />
						<Integer name="Symbol" value="3" />
						<Integer name="DockPosition" value="5" />
						<Double name="PosX" value="0.249382549905476" />
						<Double name="PosY" value="0.349638597435208" />
						<Double name="Angle" value="0" />
						<Bool name="Visible" value="true" />
					</Container>
					<Container name="DisplayElement">
						<Integer name="Size" value="2" />
						<Integer name="DockPosition" value="5" />
						<Double name="PosX" value="0.382206414816239" />
						<Double name="PosY" value="0.205202031759206" />
						<Bool name="ShowTitle" value="true" />
						<Bool name="ShowText" value="true" />
					</Container>
				</Container>
				<Container name="LayoutElement4">
					<Bool name="Show" value="true" />
					<String name="DisplayTitle" value="1-5_44L" />
					<String name="DisplayText" value="SW Loch-FD vo X li" />
					<Integer name="DisplayElementType" value="0" />
					<Container name="ValueReferences">
						<Integer name="Count" value="1" />
						<String name="ValueReference1" value="b3ec95ec-5b41-4fd4-af39-15cb8c51005d" />
					</Container>
					<Container name="MeasSymbol">
						<String name="ColorText" value="Red" />
						<Integer name="Size" value="1" />
						<Integer name="Symbol" value="1" />
						<Integer name="DockPosition" value="5" />
						<Double name="PosX" value="0.20575135997784" />
						<Double name="PosY" value="0.324976339759541" />
						<Double name="Angle" value="0" />
						<Bool name="Visible" value="true" />
					</Container>
					<Container name="DisplayElement">
						<Integer name="Size" value="2" />
						<Integer name="DockPosition" value="5" />
						<Double name="PosX" value="0.082167643948861" />
						<Double name="PosY" value="0.322592592592593" />
						<Bool name="ShowTitle" value="true" />
						<Bool name="ShowText" value="true" />
					</Container>
				</Container>
				<Container name="LayoutElement5">
					<Bool name="Show" value="true" />
					<String name="DisplayTitle" value="1-5_45L" />
					<String name="DisplayText" value="SW Loch-FD vo Z li" />
					<Integer name="DisplayElementType" value="0" />
					<Container name="ValueReferences">
						<Integer name="Count" value="1" />
						<String name="ValueReference1" value="b5f1258a-0495-4809-b6ec-cb2b2189be45" />
					</Container>
					<Container name="MeasSymbol">
						<String name="ColorText" value="Red" />
						<Integer name="Size" value="1" />
						<Integer name="Symbol" value="1" />
						<Integer name="DockPosition" value="5" />
						<Double name="PosX" value="0.20722916983211" />
						<Double name="PosY" value="0.324805620112951" />
						<Double name="Angle" value="-20" />
						<Bool name="Visible" value="true" />
					</Container>
					<Container name="DisplayElement">
						<Integer name="Size" value="2" />
						<Integer name="DockPosition" value="5" />
						<Double name="PosX" value="0.205214521452146" />
						<Double name="PosY" value="0.118502818360347" />
						<Bool name="ShowTitle" value="true" />
						<Bool name="ShowText" value="true" />
					</Container>
				</Container>
				<Container name="LayoutElement6">
					<Bool name="Show" value="true" />
					<String name="DisplayTitle" value="1-5_5L" />
					<String name="DisplayText" value="SW-FD ob li (NST)" />
					<Integer name="DisplayElementType" value="0" />
					<Container name="ValueReferences">
						<Integer name="Count" value="2" />
						<String name="ValueReference1" value="87844fc4-a922-404e-b845-f9afbaa8d38c" />
						<String name="ValueReference2" value="7b65ca13-48f7-4f71-8807-089074cddc9c" />
					</Container>
					<Container name="MeasSymbol">
						<String name="ColorText" value="Yellow" />
						<Integer name="Size" value="1" />
						<Integer name="Symbol" value="0" />
						<Integer name="DockPosition" value="5" />
						<Double name="PosX" value="0.672718219206824" />
						<Double name="PosY" value="0.447794496072354" />
						<Double name="Angle" value="-60" />
						<Bool name="Visible" value="true" />
					</Container>
					<Container name="DisplayElement">
						<Integer name="Size" value="2" />
						<Integer name="DockPosition" value="5" />
						<Double name="PosX" value="0.819087442724855" />
						<Double name="PosY" value="0.456187187995098" />
						<Bool name="ShowTitle" value="true" />
						<Bool name="ShowText" value="true" />
					</Container>
				</Container>
				<Container name="LayoutElement7">
					<Bool name="Show" value="true" />
					<String name="DisplayTitle" value="1-5_3L" />
					<String name="DisplayText" value="SW-FD un li" />
					<Integer name="DisplayElementType" value="0" />
					<Container name="ValueReferences">
						<Integer name="Count" value="2" />
						<String name="ValueReference1" value="f4c85e7c-b607-4065-b762-dd79f1b649ec" />
						<String name="ValueReference2" value="b2971a05-43fe-4b1f-af76-e9b162b8cae1" />
					</Container>
					<Container name="MeasSymbol">
						<String name="ColorText" value="Red" />
						<Integer name="Size" value="1" />
						<Integer name="Symbol" value="0" />
						<Integer name="DockPosition" value="5" />
						<Double name="PosX" value="0.531109026655876" />
						<Double name="PosY" value="0.742936754641199" />
						<Double name="Angle" value="-70" />
						<Bool name="Visible" value="true" />
					</Container>
					<Container name="DisplayElement">
						<Integer name="Size" value="2" />
						<Integer name="DockPosition" value="5" />
						<Double name="PosX" value="0.733022525553526" />
						<Double name="PosY" value="0.709259259259259" />
						<Bool name="ShowTitle" value="true" />
						<Bool name="ShowText" value="true" />
					</Container>
				</Container>
				<Container name="LayoutElement8">
					<Bool name="Show" value="true" />
					<String name="DisplayTitle" value="1-5_5-3L" />
					<String name="DisplayText" value="FD ob-un Sp KK li" />
					<Integer name="DisplayElementType" value="0" />
					<Container name="ValueReferences">
						<Integer name="Count" value="1" />
						<String name="ValueReference1" value="84e4fde8-97d3-4bda-9349-1594a2d4a655" />
					</Container>
					<Container name="MeasSymbol">
						<String name="ColorText" value="Red" />
						<Integer name="Size" value="1" />
						<Integer name="Symbol" value="0" />
						<Integer name="DockPosition" value="5" />
						<Double name="PosX" value="0.551397174254317" />
						<Double name="PosY" value="0.690912439630003" />
						<Double name="Angle" value="-130" />
						<Bool name="Visible" value="false" />
					</Container>
					<Container name="DisplayElement">
						<Integer name="Size" value="2" />
						<Integer name="DockPosition" value="5" />
						<Double name="PosX" value="0.582320484475632" />
						<Double name="PosY" value="0.574331723027376" />
						<Bool name="ShowTitle" value="true" />
						<Bool name="ShowText" value="true" />
					</Container>
				</Container>
				<Container name="LayoutElement9">
					<Bool name="Show" value="true" />
					<String name="DisplayTitle" value="1-5_1L" />
					<String name="DisplayText" value="SW-FD Stein &#220;b li" />
					<Integer name="DisplayElementType" value="0" />
					<Container name="ValueReferences">
						<Integer name="Count" value="1" />
						<String name="ValueReference1" value="cfc876f4-f3f3-4297-ad40-4543ff1a15a4" />
					</Container>
					<Container name="MeasSymbol">
						<String name="ColorText" value="Red" />
						<Integer name="Size" value="1" />
						<Integer name="Symbol" value="0" />
						<Integer name="DockPosition" value="5" />
						<Double name="PosX" value="0.520754232086555" />
						<Double name="PosY" value="0.828646625497305" />
						<Double name="Angle" value="-80" />
						<Bool name="Visible" value="true" />
					</Container>
					<Container name="DisplayElement">
						<Integer name="Size" value="2" />
						<Integer name="DockPosition" value="5" />
						<Double name="PosX" value="0.726614117722452" />
						<Double name="PosY" value="0.904691358024691" />
						<Bool name="ShowTitle" value="true" />
						<Bool name="ShowText" value="true" />
					</Container>
				</Container>
				<Container name="LayoutElement10">
					<Bool name="Show" value="true" />
					<String name="DisplayTitle" value="1-5_7L" />
					<String name="DisplayText" value="FD HST li" />
					<Integer name="DisplayElementType" value="0" />
					<Container name="ValueReferences">
						<Integer name="Count" value="1" />
						<String name="ValueReference1" value="daffed45-bda7-4157-9369-d867ea5046d2" />
					</Container>
					<Container name="MeasSymbol">
						<String name="ColorText" value="Red" />
						<Integer name="Size" value="1" />
						<Integer name="Symbol" value="3" />
						<Integer name="DockPosition" value="5" />
						<Double name="PosX" value="0.686467044762728" />
						<Double name="PosY" value="0.352244779538556" />
						<Double name="Angle" value="0" />
						<Bool name="Visible" value="true" />
					</Container>
					<Container name="DisplayElement">
						<Integer name="Size" value="2" />
						<Integer name="DockPosition" value="5" />
						<Double name="PosX" value="0.685491364670448" />
						<Double name="PosY" value="0.187407407407408" />
						<Bool name="ShowTitle" value="true" />
						<Bool name="ShowText" value="true" />
					</Container>
				</Container>
			</Container>
			<Container name="ErrPropConf">
				<Integer name="Condition1GlobalMaxQuantity" value="0" />
				<Integer name="Condition2GlobalMaxQuantity" value="0" />
				<String name="StationLabel" value="FD_LI_EP" />
			</Container>
			<Container name="QStopConf">
				<Integer name="Condition1GlobalMaxQuantity" value="0" />
				<Integer name="Condition2GlobalMaxQuantity" value="0" />
				<String name="StationLabel" value="FD_LI_QS" />
			</Container>
			<Container name="IqVisConf">
				<String name="FileNamePrefix" value="IQVIS_020MSR001_FD_LI" />
				<String name="System" value="BFK_X118_FD_li" />
				<String name="Type Series" value="118" />
				<String name="Model" value="X" />
				<String name="InspectionPlan" value="BFK_X118_FD_li" />
				<Container name="IqVisElements">
					<Integer name="Count" value="10" />
					<Container name="IqVisElement1">
						<Bool name="Export" value="true" />
						<String name="FeatureName" value="1-5_40L" />
						<Container name="SubItems">
							<Integer name="Count" value="1" />
							<Container name="SubItem1">
								<String name="ComponentLabel" value="Y" />
								<String name="AnalysisStrategy" value="PG" />
								<String name="ValueReference" value="29a8b6f9-c50b-4fc3-9f80-a308163ebb5d" />
							</Container>
						</Container>
					</Container>
					<Container name="IqVisElement2">
						<Bool name="Export" value="true" />
						<String name="FeatureName" value="1-5_41L" />
						<Container name="SubItems">
							<Integer name="Count" value="1" />
							<Container name="SubItem1">
								<String name="ComponentLabel" value="Y" />
								<String name="AnalysisStrategy" value="PG" />
								<String name="ValueReference" value="42a8d5ae-cbea-4662-ba8a-8287f5edfd9b" />
							</Container>
						</Container>
					</Container>
					<Container name="IqVisElement3">
						<Bool name="Export" value="true" />
						<String name="FeatureName" value="1-5_42L" />
						<Container name="SubItems">
							<Integer name="Count" value="1" />
							<Container name="SubItem1">
								<String name="ComponentLabel" value="Z" />
								<String name="AnalysisStrategy" value="PG" />
								<String name="ValueReference" value="67303e3e-00a2-4535-9684-d107178c33b5" />
							</Container>
						</Container>
					</Container>
					<Container name="IqVisElement4">
						<Bool name="Export" value="true" />
						<String name="FeatureName" value="1-5_5L" />
						<Container name="SubItems">
							<Integer name="Count" value="2" />
							<Container name="SubItem1">
								<String name="ComponentLabel" value="G" />
								<String name="AnalysisStrategy" value="LG" />
								<String name="ValueReference" value="87844fc4-a922-404e-b845-f9afbaa8d38c" />
							</Container>
							<Container name="SubItem2">
								<String name="ComponentLabel" value="F" />
								<String name="AnalysisStrategy" value="LG" />
								<String name="ValueReference" value="7b65ca13-48f7-4f71-8807-089074cddc9c" />
							</Container>
						</Container>
					</Container>
					<Container name="IqVisElement5">
						<Bool name="Export" value="true" />
						<String name="FeatureName" value="1-5_3L" />
						<Container name="SubItems">
							<Integer name="Count" value="2" />
							<Container name="SubItem1">
								<String name="ComponentLabel" value="G" />
								<String name="AnalysisStrategy" value="LG" />
								<String name="ValueReference" value="f4c85e7c-b607-4065-b762-dd79f1b649ec" />
							</Container>
							<Container name="SubItem2">
								<String name="ComponentLabel" value="F" />
								<String name="AnalysisStrategy" value="LG" />
								<String name="ValueReference" value="b2971a05-43fe-4b1f-af76-e9b162b8cae1" />
							</Container>
						</Container>
					</Container>
					<Container name="IqVisElement6">
						<Bool name="Export" value="true" />
						<String name="FeatureName" value="1-5_5-3L" />
						<Container name="SubItems">
							<Integer name="Count" value="1" />
							<Container name="SubItem1">
								<String name="ComponentLabel" value="K" />
								<String name="AnalysisStrategy" value="PG" />
								<String name="ValueReference" value="84e4fde8-97d3-4bda-9349-1594a2d4a655" />
							</Container>
						</Container>
					</Container>
					<Container name="IqVisElement7">
						<Bool name="Export" value="true" />
						<String name="FeatureName" value="1-5_1L" />
						<Container name="SubItems">
							<Integer name="Count" value="1" />
							<Container name="SubItem1">
								<String name="ComponentLabel" value="F" />
								<String name="AnalysisStrategy" value="LG" />
								<String name="ValueReference" value="cfc876f4-f3f3-4297-ad40-4543ff1a15a4" />
							</Container>
						</Container>
					</Container>
					<Container name="IqVisElement8">
						<Bool name="Export" value="true" />
						<String name="FeatureName" value="1-5_7L" />
						<Container name="SubItems">
							<Integer name="Count" value="1" />
							<Container name="SubItem1">
								<String name="ComponentLabel" value="F" />
								<String name="AnalysisStrategy" value="LG" />
								<String name="ValueReference" value="daffed45-bda7-4157-9369-d867ea5046d2" />
							</Container>
						</Container>
					</Container>
					<Container name="IqVisElement9">
						<Bool name="Export" value="true" />
						<String name="FeatureName" value="1-5_44L" />
						<Container name="SubItems">
							<Integer name="Count" value="1" />
							<Container name="SubItem1">
								<String name="ComponentLabel" value="X" />
								<String name="AnalysisStrategy" value="PG" />
								<String name="ValueReference" value="b3ec95ec-5b41-4fd4-af39-15cb8c51005d" />
							</Container>
						</Container>
					</Container>
					<Container name="IqVisElement10">
						<Bool name="Export" value="true" />
						<String name="FeatureName" value="1-5_45L" />
						<Container name="SubItems">
							<Integer name="Count" value="1" />
							<Container name="SubItem1">
								<String name="ComponentLabel" value="Z" />
								<String name="AnalysisStrategy" value="PG" />
								<String name="ValueReference" value="b5f1258a-0495-4809-b6ec-cb2b2189be45" />
							</Container>
						</Container>
					</Container>
				</Container>
			</Container>
			<Container name="ValueConfig" />
			<Container name="SubTypeContainer">
				<Container name="SubTypeWithInternalIndex1">
					<Bool name="GenerateEProp" value="true" />
					<Bool name="GenerateQStop" value="true" />
					<Container name="PlusConf">
						<Bool name="Enabled" value="true" />
						<String name="StationNumber" value="2358" />
					</Container>
					<Container name="IqVisConf">
						<Bool name="Enabled" value="true" />
						<String name="ProcessStep" value="Audit" />
					</Container>
					<Container name="CSVConf">
						<Bool name="Enabled" value="false" />
						<String name="FileNamePrefix" value="" />
					</Container>
					<Container name="EmilConf">
						<Bool name="Enabled" value="false" />
						<String name="InspectionCategory" value="SILN" />
					</Container>
				</Container>
				<Container name="SubTypeWithInternalIndex2">
					<Bool name="GenerateEProp" value="false" />
					<Bool name="GenerateQStop" value="false" />
					<Container name="PlusConf">
						<Bool name="Enabled" value="false" />
						<String name="StationNumber" value="" />
					</Container>
					<Container name="IqVisConf">
						<Bool name="Enabled" value="true" />
						<String name="ProcessStep" value="Passung_vor_Regelung" />
					</Container>
					<Container name="CSVConf">
						<Bool name="Enabled" value="false" />
						<String name="FileNamePrefix" value="" />
					</Container>
					<Container name="EmilConf">
						<Bool name="Enabled" value="false" />
						<String name="InspectionCategory" value="SILN" />
					</Container>
				</Container>
				<Container name="SubTypeWithInternalIndex3">
					<Bool name="GenerateEProp" value="false" />
					<Bool name="GenerateQStop" value="false" />
					<Container name="PlusConf">
						<Bool name="Enabled" value="false" />
						<String name="StationNumber" value="" />
					</Container>
					<Container name="IqVisConf">
						<Bool name="Enabled" value="true" />
						<String name="ProcessStep" value="Passung_nach_Regelung" />
					</Container>
					<Container name="CSVConf">
						<Bool name="Enabled" value="false" />
						<String name="FileNamePrefix" value="" />
					</Container>
					<Container name="EmilConf">
						<Bool name="Enabled" value="false" />
						<String name="InspectionCategory" value="SILN" />
					</Container>
				</Container>
				<Container name="SubTypeWithInternalIndex4">
					<Bool name="GenerateEProp" value="false" />
					<Bool name="GenerateQStop" value="false" />
					<Container name="PlusConf">
						<Bool name="Enabled" value="false" />
						<String name="StationNumber" value="" />
					</Container>
					<Container name="IqVisConf">
						<Bool name="Enabled" value="true" />
						<String name="ProcessStep" value="Fuegeposition" />
					</Container>
					<Container name="CSVConf">
						<Bool name="Enabled" value="false" />
						<String name="FileNamePrefix" value="" />
					</Container>
					<Container name="EmilConf">
						<Bool name="Enabled" value="false" />
						<String name="InspectionCategory" value="SILN" />
					</Container>
				</Container>
				<Container name="SubTypeWithInternalIndex5">
					<Bool name="GenerateEProp" value="false" />
					<Bool name="GenerateQStop" value="false" />
					<Container name="PlusConf">
						<Bool name="Enabled" value="false" />
						<String name="StationNumber" value="" />
					</Container>
					<Container name="IqVisConf">
						<Bool name="Enabled" value="true" />
						<String name="ProcessStep" value="vor_Verschraubung" />
					</Container>
					<Container name="CSVConf">
						<Bool name="Enabled" value="false" />
						<String name="FileNamePrefix" value="" />
					</Container>
					<Container name="EmilConf">
						<Bool name="Enabled" value="false" />
						<String name="InspectionCategory" value="SILN" />
					</Container>
				</Container>
				<Container name="SubTypeWithInternalIndex6">
					<Bool name="GenerateEProp" value="false" />
					<Bool name="GenerateQStop" value="false" />
					<Container name="PlusConf">
						<Bool name="Enabled" value="false" />
						<String name="StationNumber" value="" />
					</Container>
					<Container name="IqVisConf">
						<Bool name="Enabled" value="true" />
						<String name="ProcessStep" value="nach_Verschraubung" />
					</Container>
					<Container name="CSVConf">
						<Bool name="Enabled" value="false" />
						<String name="FileNamePrefix" value="" />
					</Container>
					<Container name="EmilConf">
						<Bool name="Enabled" value="false" />
						<String name="InspectionCategory" value="SILN" />
					</Container>
				</Container>
				<Container name="SubTypeWithInternalIndex7">
					<Bool name="GenerateEProp" value="false" />
					<Bool name="GenerateQStop" value="false" />
					<Container name="PlusConf">
						<Bool name="Enabled" value="false" />
						<String name="StationNumber" value="" />
					</Container>
					<Container name="IqVisConf">
						<Bool name="Enabled" value="true" />
						<String name="ProcessStep" value="MFU1" />
					</Container>
					<Container name="CSVConf">
						<Bool name="Enabled" value="false" />
						<String name="FileNamePrefix" value="" />
					</Container>
					<Container name="EmilConf">
						<Bool name="Enabled" value="false" />
						<String name="InspectionCategory" value="SILN" />
					</Container>
				</Container>
				<Container name="SubTypeWithInternalIndex8">
					<Bool name="GenerateEProp" value="false" />
					<Bool name="GenerateQStop" value="false" />
					<Container name="PlusConf">
						<Bool name="Enabled" value="false" />
						<String name="StationNumber" value="" />
					</Container>
					<Container name="IqVisConf">
						<Bool name="Enabled" value="true" />
						<String name="ProcessStep" value="MFU2" />
					</Container>
					<Container name="CSVConf">
						<Bool name="Enabled" value="false" />
						<String name="FileNamePrefix" value="" />
					</Container>
					<Container name="EmilConf">
						<Bool name="Enabled" value="false" />
						<String name="InspectionCategory" value="SILN" />
					</Container>
				</Container>
				<Container name="SubTypeWithInternalIndex9">
					<Bool name="GenerateEProp" value="false" />
					<Bool name="GenerateQStop" value="false" />
					<Container name="PlusConf">
						<Bool name="Enabled" value="false" />
						<String name="StationNumber" value="" />
					</Container>
					<Container name="IqVisConf">
						<Bool name="Enabled" value="true" />
						<String name="ProcessStep" value="MFU3" />
					</Container>
					<Container name="CSVConf">
						<Bool name="Enabled" value="false" />
						<String name="FileNamePrefix" value="" />
					</Container>
					<Container name="EmilConf">
						<Bool name="Enabled" value="false" />
						<String name="InspectionCategory" value="SILN" />
					</Container>
				</Container>
				<Container name="SubTypeWithInternalIndex10">
					<Bool name="GenerateEProp" value="false" />
					<Bool name="GenerateQStop" value="false" />
					<Container name="PlusConf">
						<Bool name="Enabled" value="false" />
						<String name="StationNumber" value="" />
					</Container>
					<Container name="IqVisConf">
						<Bool name="Enabled" value="true" />
						<String name="ProcessStep" value="MFU4" />
					</Container>
					<Container name="CSVConf">
						<Bool name="Enabled" value="false" />
						<String name="FileNamePrefix" value="" />
					</Container>
					<Container name="EmilConf">
						<Bool name="Enabled" value="false" />
						<String name="InspectionCategory" value="SILN" />
					</Container>
				</Container>
			</Container>
			<Container name="ValueContainer">
				<Integer name="Count" value="12" />
				<Container name="ValueConfig1">
					<String name="ValueId" value="cfc876f4-f3f3-4297-ad40-4543ff1a15a4" />
					<String name="MeasurementPosition" value="1-5_1L.F" />
					<String name="ValueLabel" value="SW-FD Stein &#220;b li" />
					<Container name="ValueEvalConf">
						<Bool name="WarningActive" value="true" />
						<Double name="LowerWarnLimit" value="-0.6" />
						<Double name="UpperWarnLimit" value="0.6" />
						<Double name="LowerLimit" value="-1" />
						<Double name="UpperLimit" value="1" />
						<Double name="Nominal" value="-0.8" />
						<Double name="Offset" value="-0.31" />
						<Double name="SigmaMaximum" value="0.075" />
					</Container>
					<Container name="ValueErrPropConf">
						<Bool name="Condition1AddToQuantity" value="false" />
						<Bool name="Condition2AddToQuantity" value="false" />
						<Double name="Condition3OverTolerance" value="0" />
					</Container>
					<Container name="ValueQStopConf">
						<Bool name="Condition1AddToQuantity" value="false" />
						<Bool name="Condition2AddToQuantity" value="false" />
						<Double name="Condition3OverTolerance" value="0" />
						<Double name="Condition4MaxFrequency" value="0" />
						<Integer name="Condition4NoMeasurements" value="0" />
						<Integer name="Condition5MaxNoOutOfTolInSequence" value="0" />
					</Container>
					<Container name="ValueItems">
						<Integer name="NoItems" value="1" />
						<Container name="Item1">
							<Integer name="TypeReference" value="-1" />
							<Integer name="SubTypeReference" value="1" />
							<String name="SensorName" value="Sensor 10" />
							<Integer name="Signal" value="1" />
							<Double name="Weight" value="1" />
							<Bool name="CheckProdNumber" value="true" />
						</Container>
					</Container>
					<Container name="ValuePlusConf">
						<String name="MeasurementPosition" value="1-5_1L." />
						<Bool name="FlagAddToPLUS" value="true" />
						<String name="PLUSLabel" value="F" />
					</Container>
					<Container name="ValueCSVConf">
						<Bool name="Export" value="false" />
						<String name="CSVMeasurementPosition" value="L01" />
						<String name="CSVLabel" value="V" />
					</Container>
				</Container>
				<Container name="ValueConfig2">
					<String name="ValueId" value="f4c85e7c-b607-4065-b762-dd79f1b649ec" />
					<String name="MeasurementPosition" value="1-5_3L.G" />
					<String name="ValueLabel" value="SW-FD un Sp li" />
					<Container name="ValueEvalConf">
						<Bool name="WarningActive" value="false" />
						<Double name="LowerWarnLimit" value="-0.6" />
						<Double name="UpperWarnLimit" value="0.6" />
						<Double name="LowerLimit" value="-0.6" />
						<Double name="UpperLimit" value="0.6" />
						<Double name="Nominal" value="3.3" />
						<Double name="Offset" value="0.38" />
						<Double name="SigmaMaximum" value="0.075" />
					</Container>
					<Container name="ValueErrPropConf">
						<Bool name="Condition1AddToQuantity" value="false" />
						<Bool name="Condition2AddToQuantity" value="false" />
						<Double name="Condition3OverTolerance" value="2" />
					</Container>
					<Container name="ValueQStopConf">
						<Bool name="Condition1AddToQuantity" value="false" />
						<Bool name="Condition2AddToQuantity" value="false" />
						<Double name="Condition3OverTolerance" value="0" />
						<Double name="Condition4MaxFrequency" value="0.5" />
						<Integer name="Condition4NoMeasurements" value="20" />
						<Integer name="Condition5MaxNoOutOfTolInSequence" value="10" />
					</Container>
					<Container name="ValueItems">
						<Integer name="NoItems" value="1" />
						<Container name="Item1">
							<Integer name="TypeReference" value="-1" />
							<Integer name="SubTypeReference" value="1" />
							<String name="SensorName" value="Sensor 09" />
							<Integer name="Signal" value="2" />
							<Double name="Weight" value="1" />
							<Bool name="CheckProdNumber" value="true" />
						</Container>
					</Container>
					<Container name="ValuePlusConf">
						<String name="MeasurementPosition" value="1-5_3L." />
						<Bool name="FlagAddToPLUS" value="true" />
						<String name="PLUSLabel" value="G" />
					</Container>
					<Container name="ValueCSVConf">
						<Bool name="Export" value="false" />
						<String name="CSVMeasurementPosition" value="L01" />
						<String name="CSVLabel" value="V" />
					</Container>
				</Container>
				<Container name="ValueConfig3">
					<String name="ValueId" value="b2971a05-43fe-4b1f-af76-e9b162b8cae1" />
					<String name="MeasurementPosition" value="1-5_3L.F" />
					<String name="ValueLabel" value="SW-FD un &#220;b li" />
					<Container name="ValueEvalConf">
						<Bool name="WarningActive" value="false" />
						<Double name="LowerWarnLimit" value="-0.4" />
						<Double name="UpperWarnLimit" value="0.8" />
						<Double name="LowerLimit" value="-0.4" />
						<Double name="UpperLimit" value="0.8" />
						<Double name="Nominal" value="-0.5" />
						<Double name="Offset" value="-0.46" />
						<Double name="SigmaMaximum" value="0.075" />
					</Container>
					<Container name="ValueErrPropConf">
						<Bool name="Condition1AddToQuantity" value="false" />
						<Bool name="Condition2AddToQuantity" value="false" />
						<Double name="Condition3OverTolerance" value="0" />
					</Container>
					<Container name="ValueQStopConf">
						<Bool name="Condition1AddToQuantity" value="false" />
						<Bool name="Condition2AddToQuantity" value="false" />
						<Double name="Condition3OverTolerance" value="0" />
						<Double name="Condition4MaxFrequency" value="0.5" />
						<Integer name="Condition4NoMeasurements" value="20" />
						<Integer name="Condition5MaxNoOutOfTolInSequence" value="10" />
					</Container>
					<Container name="ValueItems">
						<Integer name="NoItems" value="1" />
						<Container name="Item1">
							<Integer name="TypeReference" value="-1" />
							<Integer name="SubTypeReference" value="1" />
							<String name="SensorName" value="Sensor 09" />
							<Integer name="Signal" value="1" />
							<Double name="Weight" value="1" />
							<Bool name="CheckProdNumber" value="true" />
						</Container>
					</Container>
					<Container name="ValuePlusConf">
						<String name="MeasurementPosition" value="1-5_3L." />
						<Bool name="FlagAddToPLUS" value="true" />
						<String name="PLUSLabel" value="F" />
					</Container>
					<Container name="ValueCSVConf">
						<Bool name="Export" value="false" />
						<String name="CSVMeasurementPosition" value="L01" />
						<String name="CSVLabel" value="V" />
					</Container>
				</Container>
				<Container name="ValueConfig4">
					<String name="ValueId" value="29a8b6f9-c50b-4fc3-9f80-a308163ebb5d" />
					<String name="MeasurementPosition" value="1-5_40L.Y" />
					<String name="ValueLabel" value="SW-FD un Y li" />
					<Container name="ValueEvalConf">
						<Bool name="WarningActive" value="false" />
						<Double name="LowerWarnLimit" value="-1.5" />
						<Double name="UpperWarnLimit" value="1.5" />
						<Double name="LowerLimit" value="-1.5" />
						<Double name="UpperLimit" value="1.5" />
						<Double name="Nominal" value="1.2" />
						<Double name="Offset" value="-3.46" />
						<Double name="SigmaMaximum" value="0.075" />
					</Container>
					<Container name="ValueErrPropConf">
						<Bool name="Condition1AddToQuantity" value="false" />
						<Bool name="Condition2AddToQuantity" value="false" />
						<Double name="Condition3OverTolerance" value="0" />
					</Container>
					<Container name="ValueQStopConf">
						<Bool name="Condition1AddToQuantity" value="false" />
						<Bool name="Condition2AddToQuantity" value="false" />
						<Double name="Condition3OverTolerance" value="0" />
						<Double name="Condition4MaxFrequency" value="0.5" />
						<Integer name="Condition4NoMeasurements" value="20" />
						<Integer name="Condition5MaxNoOutOfTolInSequence" value="10" />
					</Container>
					<Container name="ValueItems">
						<Integer name="NoItems" value="2" />
						<Container name="Item1">
							<Integer name="TypeReference" value="-1" />
							<Integer name="SubTypeReference" value="1" />
							<String name="SensorName" value="DistanceSensor 01" />
							<Integer name="Signal" value="12" />
							<Double name="Weight" value="1" />
							<Bool name="CheckProdNumber" value="true" />
						</Container>
						<Container name="Item2">
							<Integer name="TypeReference" value="-1" />
							<Integer name="SubTypeReference" value="1" />
							<String name="SensorName" value="DistanceSensor 02" />
							<Integer name="Signal" value="12" />
							<Double name="Weight" value="-1" />
							<Bool name="CheckProdNumber" value="true" />
						</Container>
					</Container>
					<Container name="ValuePlusConf">
						<String name="MeasurementPosition" value="1-5_40L." />
						<Bool name="FlagAddToPLUS" value="true" />
						<String name="PLUSLabel" value="Y" />
					</Container>
					<Container name="ValueCSVConf">
						<Bool name="Export" value="false" />
						<String name="CSVMeasurementPosition" value="L01" />
						<String name="CSVLabel" value="V" />
					</Container>
				</Container>
				<Container name="ValueConfig5">
					<String name="ValueId" value="42a8d5ae-cbea-4662-ba8a-8287f5edfd9b" />
					<String name="MeasurementPosition" value="1-5_41L.Y" />
					<String name="ValueLabel" value="SW-FD ob Y li" />
					<Container name="ValueEvalConf">
						<Bool name="WarningActive" value="false" />
						<Double name="LowerWarnLimit" value="-0.5" />
						<Double name="UpperWarnLimit" value="0.5" />
						<Double name="LowerLimit" value="-0.5" />
						<Double name="UpperLimit" value="0.5" />
						<Double name="Nominal" value="1.1" />
						<Double name="Offset" value="-0.32" />
						<Double name="SigmaMaximum" value="0.075" />
					</Container>
					<Container name="ValueErrPropConf">
						<Bool name="Condition1AddToQuantity" value="false" />
						<Bool name="Condition2AddToQuantity" value="false" />
						<Double name="Condition3OverTolerance" value="0" />
					</Container>
					<Container name="ValueQStopConf">
						<Bool name="Condition1AddToQuantity" value="false" />
						<Bool name="Condition2AddToQuantity" value="false" />
						<Double name="Condition3OverTolerance" value="0" />
						<Double name="Condition4MaxFrequency" value="0.5" />
						<Integer name="Condition4NoMeasurements" value="20" />
						<Integer name="Condition5MaxNoOutOfTolInSequence" value="10" />
					</Container>
					<Container name="ValueItems">
						<Integer name="NoItems" value="2" />
						<Container name="Item1">
							<Integer name="TypeReference" value="-1" />
							<Integer name="SubTypeReference" value="1" />
							<String name="SensorName" value="DistanceSensor 03" />
							<Integer name="Signal" value="12" />
							<Double name="Weight" value="1" />
							<Bool name="CheckProdNumber" value="true" />
						</Container>
						<Container name="Item2">
							<Integer name="TypeReference" value="-1" />
							<Integer name="SubTypeReference" value="1" />
							<String name="SensorName" value="Sensor 01" />
							<Integer name="Signal" value="20" />
							<Double name="Weight" value="1" />
							<Bool name="CheckProdNumber" value="true" />
						</Container>
					</Container>
					<Container name="ValuePlusConf">
						<String name="MeasurementPosition" value="1-5_41L." />
						<Bool name="FlagAddToPLUS" value="true" />
						<String name="PLUSLabel" value="Y" />
					</Container>
					<Container name="ValueCSVConf">
						<Bool name="Export" value="false" />
						<String name="CSVMeasurementPosition" value="L01" />
						<String name="CSVLabel" value="V" />
					</Container>
				</Container>
				<Container name="ValueConfig6">
					<String name="ValueId" value="67303e3e-00a2-4535-9684-d107178c33b5" />
					<String name="MeasurementPosition" value="1-5_42L.Z" />
					<String name="ValueLabel" value="SW-FD vo Z li" />
					<Container name="ValueEvalConf">
						<Bool name="WarningActive" value="false" />
						<Double name="LowerWarnLimit" value="-1" />
						<Double name="UpperWarnLimit" value="1" />
						<Double name="LowerLimit" value="-1" />
						<Double name="UpperLimit" value="1" />
						<Double name="Nominal" value="0.5" />
						<Double name="Offset" value="0.57" />
						<Double name="SigmaMaximum" value="0.075" />
					</Container>
					<Container name="ValueErrPropConf">
						<Bool name="Condition1AddToQuantity" value="false" />
						<Bool name="Condition2AddToQuantity" value="false" />
						<Double name="Condition3OverTolerance" value="0" />
					</Container>
					<Container name="ValueQStopConf">
						<Bool name="Condition1AddToQuantity" value="false" />
						<Bool name="Condition2AddToQuantity" value="false" />
						<Double name="Condition3OverTolerance" value="0" />
						<Double name="Condition4MaxFrequency" value="0.5" />
						<Integer name="Condition4NoMeasurements" value="20" />
						<Integer name="Condition5MaxNoOutOfTolInSequence" value="10" />
					</Container>
					<Container name="ValueItems">
						<Integer name="NoItems" value="2" />
						<Container name="Item1">
							<Integer name="TypeReference" value="-1" />
							<Integer name="SubTypeReference" value="1" />
							<String name="SensorName" value="Sensor 03" />
							<Integer name="Signal" value="16" />
							<Double name="Weight" value="-1" />
							<Bool name="CheckProdNumber" value="true" />
						</Container>
						<Container name="Item2">
							<Integer name="TypeReference" value="-1" />
							<Integer name="SubTypeReference" value="1" />
							<String name="SensorName" value="Sensor 02" />
							<Integer name="Signal" value="22" />
							<Double name="Weight" value="1" />
							<Bool name="CheckProdNumber" value="true" />
						</Container>
					</Container>
					<Container name="ValuePlusConf">
						<String name="MeasurementPosition" value="1-5_42L." />
						<Bool name="FlagAddToPLUS" value="true" />
						<String name="PLUSLabel" value="Z" />
					</Container>
					<Container name="ValueCSVConf">
						<Bool name="Export" value="false" />
						<String name="CSVMeasurementPosition" value="L01" />
						<String name="CSVLabel" value="V" />
					</Container>
				</Container>
				<Container name="ValueConfig7">
					<String name="ValueId" value="b3ec95ec-5b41-4fd4-af39-15cb8c51005d" />
					<String name="MeasurementPosition" value="1-5_44L.X" />
					<String name="ValueLabel" value="SW Loch-FD vo X li" />
					<Container name="ValueEvalConf">
						<Bool name="WarningActive" value="false" />
						<Double name="LowerWarnLimit" value="-2" />
						<Double name="UpperWarnLimit" value="2" />
						<Double name="LowerLimit" value="-2" />
						<Double name="UpperLimit" value="2" />
						<Double name="Nominal" value="0" />
						<Double name="Offset" value="-5.74" />
						<Double name="SigmaMaximum" value="0.075" />
					</Container>
					<Container name="ValueErrPropConf">
						<Bool name="Condition1AddToQuantity" value="false" />
						<Bool name="Condition2AddToQuantity" value="false" />
						<Double name="Condition3OverTolerance" value="0" />
					</Container>
					<Container name="ValueQStopConf">
						<Bool name="Condition1AddToQuantity" value="false" />
						<Bool name="Condition2AddToQuantity" value="false" />
						<Double name="Condition3OverTolerance" value="0" />
						<Double name="Condition4MaxFrequency" value="0" />
						<Integer name="Condition4NoMeasurements" value="0" />
						<Integer name="Condition5MaxNoOutOfTolInSequence" value="0" />
					</Container>
					<Container name="ValueItems">
						<Integer name="NoItems" value="2" />
						<Container name="Item1">
							<Integer name="TypeReference" value="-1" />
							<Integer name="SubTypeReference" value="1" />
							<String name="SensorName" value="Camera 2" />
							<Integer name="Signal" value="3" />
							<Double name="Weight" value="-1" />
							<Bool name="CheckProdNumber" value="true" />
						</Container>
						<Container name="Item2">
							<Integer name="TypeReference" value="-1" />
							<Integer name="SubTypeReference" value="1" />
							<String name="SensorName" value="Sensor 01" />
							<Integer name="Signal" value="19" />
							<Double name="Weight" value="1" />
							<Bool name="CheckProdNumber" value="true" />
						</Container>
					</Container>
					<Container name="ValuePlusConf">
						<String name="MeasurementPosition" value="1-5_44L." />
						<Bool name="FlagAddToPLUS" value="true" />
						<String name="PLUSLabel" value="X" />
					</Container>
					<Container name="ValueCSVConf">
						<Bool name="Export" value="false" />
						<String name="CSVMeasurementPosition" value="L01" />
						<String name="CSVLabel" value="V" />
					</Container>
				</Container>
				<Container name="ValueConfig8">
					<String name="ValueId" value="b5f1258a-0495-4809-b6ec-cb2b2189be45" />
					<String name="MeasurementPosition" value="1-5_45L.Z" />
					<String name="ValueLabel" value="SW Loch-FD vo Z li" />
					<Container name="ValueEvalConf">
						<Bool name="WarningActive" value="false" />
						<Double name="LowerWarnLimit" value="-2" />
						<Double name="UpperWarnLimit" value="2" />
						<Double name="LowerLimit" value="-2" />
						<Double name="UpperLimit" value="2" />
						<Double name="Nominal" value="0" />
						<Double name="Offset" value="-9.11" />
						<Double name="SigmaMaximum" value="0.075" />
					</Container>
					<Container name="ValueErrPropConf">
						<Bool name="Condition1AddToQuantity" value="false" />
						<Bool name="Condition2AddToQuantity" value="false" />
						<Double name="Condition3OverTolerance" value="0" />
					</Container>
					<Container name="ValueQStopConf">
						<Bool name="Condition1AddToQuantity" value="false" />
						<Bool name="Condition2AddToQuantity" value="false" />
						<Double name="Condition3OverTolerance" value="0" />
						<Double name="Condition4MaxFrequency" value="0" />
						<Integer name="Condition4NoMeasurements" value="0" />
						<Integer name="Condition5MaxNoOutOfTolInSequence" value="0" />
					</Container>
					<Container name="ValueItems">
						<Integer name="NoItems" value="2" />
						<Container name="Item1">
							<Integer name="TypeReference" value="-1" />
							<Integer name="SubTypeReference" value="1" />
							<String name="SensorName" value="Camera 2" />
							<Integer name="Signal" value="4" />
							<Double name="Weight" value="1" />
							<Bool name="CheckProdNumber" value="true" />
						</Container>
						<Container name="Item2">
							<Integer name="TypeReference" value="-1" />
							<Integer name="SubTypeReference" value="1" />
							<String name="SensorName" value="Sensor 02" />
							<Integer name="Signal" value="22" />
							<Double name="Weight" value="1" />
							<Bool name="CheckProdNumber" value="true" />
						</Container>
					</Container>
					<Container name="ValuePlusConf">
						<String name="MeasurementPosition" value="1-5_45L." />
						<Bool name="FlagAddToPLUS" value="true" />
						<String name="PLUSLabel" value="Z" />
					</Container>
					<Container name="ValueCSVConf">
						<Bool name="Export" value="false" />
						<String name="CSVMeasurementPosition" value="L01" />
						<String name="CSVLabel" value="V" />
					</Container>
				</Container>
				<Container name="ValueConfig9">
					<String name="ValueId" value="84e4fde8-97d3-4bda-9349-1594a2d4a655" />
					<String name="MeasurementPosition" value="1-5_5-3L.K" />
					<String name="ValueLabel" value="FD ob-un Sp KK li" />
					<Container name="ValueEvalConf">
						<Bool name="WarningActive" value="false" />
						<Double name="LowerWarnLimit" value="-0.6" />
						<Double name="UpperWarnLimit" value="0.6" />
						<Double name="LowerLimit" value="-0.6" />
						<Double name="UpperLimit" value="0.6" />
						<Double name="Nominal" value="1.4" />
						<Double name="Offset" value="-0.41" />
						<Double name="SigmaMaximum" value="0.075" />
					</Container>
					<Container name="ValueErrPropConf">
						<Bool name="Condition1AddToQuantity" value="false" />
						<Bool name="Condition2AddToQuantity" value="false" />
						<Double name="Condition3OverTolerance" value="0" />
					</Container>
					<Container name="ValueQStopConf">
						<Bool name="Condition1AddToQuantity" value="false" />
						<Bool name="Condition2AddToQuantity" value="false" />
						<Double name="Condition3OverTolerance" value="0" />
						<Double name="Condition4MaxFrequency" value="0" />
						<Integer name="Condition4NoMeasurements" value="0" />
						<Integer name="Condition5MaxNoOutOfTolInSequence" value="0" />
					</Container>
					<Container name="ValueItems">
						<Integer name="NoItems" value="2" />
						<Container name="Item1">
							<Integer name="TypeReference" value="-1" />
							<Integer name="SubTypeReference" value="1" />
							<String name="SensorName" value="Sensor 08" />
							<Integer name="Signal" value="2" />
							<Double name="Weight" value="1" />
							<Bool name="CheckProdNumber" value="true" />
						</Container>
						<Container name="Item2">
							<Integer name="TypeReference" value="-1" />
							<Integer name="SubTypeReference" value="1" />
							<String name="SensorName" value="Sensor 09" />
							<Integer name="Signal" value="2" />
							<Double name="Weight" value="-1" />
							<Bool name="CheckProdNumber" value="true" />
						</Container>
					</Container>
					<Container name="ValuePlusConf">
						<String name="MeasurementPosition" value="1-5_5-3L." />
						<Bool name="FlagAddToPLUS" value="true" />
						<String name="PLUSLabel" value="K" />
					</Container>
					<Container name="ValueCSVConf">
						<Bool name="Export" value="false" />
						<String name="CSVMeasurementPosition" value="L01" />
						<String name="CSVLabel" value="V" />
					</Container>
				</Container>
				<Container name="ValueConfig10">
					<String name="ValueId" value="87844fc4-a922-404e-b845-f9afbaa8d38c" />
					<String name="MeasurementPosition" value="1-5_5L.G" />
					<String name="ValueLabel" value="SW-FD ob Sp li" />
					<Container name="ValueEvalConf">
						<Bool name="WarningActive" value="false" />
						<Double name="LowerWarnLimit" value="-0.6" />
						<Double name="UpperWarnLimit" value="0.6" />
						<Double name="LowerLimit" value="-0.6" />
						<Double name="UpperLimit" value="0.6" />
						<Double name="Nominal" value="4.7" />
						<Double name="Offset" value="-0.06" />
						<Double name="SigmaMaximum" value="0.075" />
					</Container>
					<Container name="ValueErrPropConf">
						<Bool name="Condition1AddToQuantity" value="false" />
						<Bool name="Condition2AddToQuantity" value="false" />
						<Double name="Condition3OverTolerance" value="2" />
					</Container>
					<Container name="ValueQStopConf">
						<Bool name="Condition1AddToQuantity" value="false" />
						<Bool name="Condition2AddToQuantity" value="false" />
						<Double name="Condition3OverTolerance" value="0" />
						<Double name="Condition4MaxFrequency" value="0.5" />
						<Integer name="Condition4NoMeasurements" value="20" />
						<Integer name="Condition5MaxNoOutOfTolInSequence" value="10" />
					</Container>
					<Container name="ValueItems">
						<Integer name="NoItems" value="1" />
						<Container name="Item1">
							<Integer name="TypeReference" value="-1" />
							<Integer name="SubTypeReference" value="1" />
							<String name="SensorName" value="Sensor 08" />
							<Integer name="Signal" value="2" />
							<Double name="Weight" value="1" />
							<Bool name="CheckProdNumber" value="true" />
						</Container>
					</Container>
					<Container name="ValuePlusConf">
						<String name="MeasurementPosition" value="1-5_5L." />
						<Bool name="FlagAddToPLUS" value="true" />
						<String name="PLUSLabel" value="G" />
					</Container>
					<Container name="ValueCSVConf">
						<Bool name="Export" value="false" />
						<String name="CSVMeasurementPosition" value="L01" />
						<String name="CSVLabel" value="V" />
					</Container>
				</Container>
				<Container name="ValueConfig11">
					<String name="ValueId" value="7b65ca13-48f7-4f71-8807-089074cddc9c" />
					<String name="MeasurementPosition" value="1-5_5L.F" />
					<String name="ValueLabel" value="FD NST li" />
					<Container name="ValueEvalConf">
						<Bool name="WarningActive" value="false" />
						<Double name="LowerWarnLimit" value="-0.05" />
						<Double name="UpperWarnLimit" value="0.05" />
						<Double name="LowerLimit" value="-0.05" />
						<Double name="UpperLimit" value="0.05" />
						<Double name="Nominal" value="0" />
						<Double name="Offset" value="0.0" />
						<Double name="SigmaMaximum" value="0.075" />
					</Container>
					<Container name="ValueErrPropConf">
						<Bool name="Condition1AddToQuantity" value="false" />
						<Bool name="Condition2AddToQuantity" value="false" />
						<Double name="Condition3OverTolerance" value="0" />
					</Container>
					<Container name="ValueQStopConf">
						<Bool name="Condition1AddToQuantity" value="false" />
						<Bool name="Condition2AddToQuantity" value="false" />
						<Double name="Condition3OverTolerance" value="0" />
						<Double name="Condition4MaxFrequency" value="0.5" />
						<Integer name="Condition4NoMeasurements" value="20" />
						<Integer name="Condition5MaxNoOutOfTolInSequence" value="10" />
					</Container>
					<Container name="ValueItems">
						<Integer name="NoItems" value="1" />
						<Container name="Item1">
							<Integer name="TypeReference" value="-1" />
							<Integer name="SubTypeReference" value="1" />
							<String name="SensorName" value="Sensor 08" />
							<Integer name="Signal" value="1" />
							<Double name="Weight" value="1" />
							<Bool name="CheckProdNumber" value="true" />
						</Container>
					</Container>
					<Container name="ValuePlusConf">
						<String name="MeasurementPosition" value="1-5_5L." />
						<Bool name="FlagAddToPLUS" value="true" />
						<String name="PLUSLabel" value="F" />
					</Container>
					<Container name="ValueCSVConf">
						<Bool name="Export" value="false" />
						<String name="CSVMeasurementPosition" value="L01" />
						<String name="CSVLabel" value="V" />
					</Container>
				</Container>
				<Container name="ValueConfig12">
					<String name="ValueId" value="daffed45-bda7-4157-9369-d867ea5046d2" />
					<String name="MeasurementPosition" value="1-5_7L.F" />
					<String name="ValueLabel" value="FD HST li" />
					<Container name="ValueEvalConf">
						<Bool name="WarningActive" value="false" />
						<Double name="LowerWarnLimit" value="-0.6" />
						<Double name="UpperWarnLimit" value="0.6" />
						<Double name="LowerLimit" value="-0.6" />
						<Double name="UpperLimit" value="0.6" />
						<Double name="Nominal" value="1" />
						<Double name="Offset" value="-2.89" />
						<Double name="SigmaMaximum" value="0.075" />
					</Container>
					<Container name="ValueErrPropConf">
						<Bool name="Condition1AddToQuantity" value="false" />
						<Bool name="Condition2AddToQuantity" value="false" />
						<Double name="Condition3OverTolerance" value="0" />
					</Container>
					<Container name="ValueQStopConf">
						<Bool name="Condition1AddToQuantity" value="false" />
						<Bool name="Condition2AddToQuantity" value="false" />
						<Double name="Condition3OverTolerance" value="0" />
						<Double name="Condition4MaxFrequency" value="0.5" />
						<Integer name="Condition4NoMeasurements" value="20" />
						<Integer name="Condition5MaxNoOutOfTolInSequence" value="10" />
					</Container>
					<Container name="ValueItems">
						<Integer name="NoItems" value="1" />
						<Container name="Item1">
							<Integer name="TypeReference" value="-1" />
							<Integer name="SubTypeReference" value="1" />
							<String name="SensorName" value="Sensor 06" />
							<Integer name="Signal" value="1" />
							<Double name="Weight" value="1" />
							<Bool name="CheckProdNumber" value="true" />
						</Container>
					</Container>
					<Container name="ValuePlusConf">
						<String name="MeasurementPosition" value="1-5_7L." />
						<Bool name="FlagAddToPLUS" value="true" />
						<String name="PLUSLabel" value="F" />
					</Container>
					<Container name="ValueCSVConf">
						<Bool name="Export" value="false" />
						<String name="CSVMeasurementPosition" value="L01" />
						<String name="CSVLabel" value="V" />
					</Container>
				</Container>
			</Container>
			<Container name="EmilConf">
				<String name="FileNamePrefix" value="" />
				<String name="InspectionTask" value="" />
				<String name="InspectionPlan" value="" />
				<String name="ProductionDevice" value="" />
				<Integer name="ProductionState" value="0" />
				<Container name="InspectionElement">
					<Integer name="Count" value="0" />
				</Container>
			</Container>
		</Container>
		<Container name="MeasurementValueGroups">
			<Integer name="ValueGroupCount" value="5" />
			<Container name="ValueGroup1">
				<String name="Name" value="KFU X118" />
				<String name="Comment" value="" />
				<Container name="Values">
					<Integer name="ValueCount" value="7" />
					<String name="MeasurementValue1" value="SW-FD un Y li [1-5_40L.Y];ComposedValue;Value" />
					<String name="MeasurementValue2" value="SW-FD ob Y li [1-5_41L.Y];ComposedValue;Value" />
					<String name="MeasurementValue3" value="SW-FD vo Z li [1-5_42L.Z];ComposedValue;Value" />
					<String name="MeasurementValue4" value="SW-FD ob Sp li [1-5_5L.G];ComposedValue;Value" />
					<String name="MeasurementValue5" value="FD NST li [1-5_5L.F];ComposedValue;Value" />
					<String name="MeasurementValue6" value="SW-FD un Sp li [1-5_3L.G];ComposedValue;Value" />
					<String name="MeasurementValue7" value="FD ob-un Sp KK li [1-5_5-3L.K];ComposedValue;Value" />
				</Container>
			</Container>
			<Container name="ValueGroup2">
				<String name="Name" value="MFU 2" />
				<String name="Comment" value="Nullstellung" />
				<Container name="Values">
					<Integer name="ValueCount" value="1" />
					<String name="MeasurementValue1" value="FD NST li [1-5_4L.F];ComposedValue;Value" />
				</Container>
			</Container>
			<Container name="ValueGroup3">
				<String name="Name" value="MFU 4" />
				<String name="Comment" value="" />
				<Container name="Values">
					<Integer name="ValueCount" value="7" />
					<String name="MeasurementValue1" value="FD NST li [1-5_4L.F];ComposedValue;Value" />
					<String name="MeasurementValue2" value="SW-FD ob Y li [1-5_41L.Y];ComposedValue;Value" />
					<String name="MeasurementValue3" value="SW-FD un Y li [1-5_40L.Y];ComposedValue;Value" />
					<String name="MeasurementValue4" value="SW-FD vo Z li [1-5_42L.Z];ComposedValue;Value" />
					<String name="MeasurementValue5" value="SW-FD un SP li [1-5_2L.G];ComposedValue;Value" />
					<String name="MeasurementValue6" value="SW-FD un &#220;b li [1-5_2L.F];ComposedValue;Value" />
					<String name="MeasurementValue7" value="SW-FD ob Sp li [1-5_4L.G];ComposedValue;Value" />
				</Container>
			</Container>
			<Container name="ValueGroup4">
				<String name="Name" value="Sensoren mit Einfluss" />
				<String name="Comment" value="Auswertung ueber 100 Messungen" />
				<Container name="Values">
					<Integer name="ValueCount" value="6" />
					<String name="MeasurementValue1" value="SW-FD hi Z li [1-5_43L.Z];ComposedValue;Value" />
					<String name="MeasurementValue2" value="SW-FD ob Y li [1-5_41L.Y];ComposedValue;Value" />
					<String name="MeasurementValue3" value="SW-FD un Y li [1-5_40L.Y];ComposedValue;Value" />
					<String name="MeasurementValue4" value="SW-FD vo Z li [1-5_42L.Z];ComposedValue;Value" />
					<String name="MeasurementValue5" value="SW Loch-FD vo X li [1-5_44L.X];ComposedValue;Value" />
					<String name="MeasurementValue6" value="SW Loch-FD vo Z li [1-5_45L.Z];ComposedValue;Value" />
				</Container>
			</Container>
			<Container name="ValueGroup5">
				<String name="Name" value="Sensoren ohne Einfluss" />
				<String name="Comment" value="Auswertung ueber alle (700) Messungen" />
				<Container name="Values">
					<Integer name="ValueCount" value="6" />
					<String name="MeasurementValue1" value="FD NST li [1-5_4L.F];ComposedValue;Value" />
					<String name="MeasurementValue2" value="FD ob-un Sp KK li [1-5_4-2L.K];ComposedValue;Value" />
					<String name="MeasurementValue3" value="SW-FD ob Sp li [1-5_4L.G];ComposedValue;Value" />
					<String name="MeasurementValue4" value="SW-FD un SP li [1-5_2L.G];ComposedValue;Value" />
					<String name="MeasurementValue5" value="SW-FD un &#220;b li [1-5_2L.F];ComposedValue;Value" />
					<String name="MeasurementValue6" value="SW-FD Stein &#220;b li [1-5_1L.F];ComposedValue;Value" />
				</Container>
			</Container>
		</Container>
	</Container>
</xml>